"year"	"gender"	"field"	"count"	"total"
"1967"	"Female"	"Ball State University"	0	2624
"1967"	"Female"	"Harvard University"	0	2624
"1967"	"Female"	"University of California-Berkeley"	1312	2624
"1967"	"Female"	"University of Rhode Island"	0	2624
"1967"	"Female"	"Tufts University"	0	2624
"1967"	"Gender"	"Ball State University"	0	2624
"1967"	"Gender"	"Richard Stockton College of New Jersey"	0	2624
"1967"	"Gender"	"University of California-Berkeley"	0	2624
"1967"	"Gender"	"University of Rhode Island"	0	2624
"1967"	"Gender"	"Northeastern University"	0	2624
"1967"	"Male"	"Harvard University"	0	2624
"1967"	"Male"	"Richard Stockton College of New Jersey"	0	2624
"1967"	"Male"	"University of Rhode Island"	0	2624
"1967"	"Male"	"University of Maine"	0	2624
"1967"	"Female"	"Brandeis University"	0	2624
"1967"	"Female"	"Holy Cross College"	0	2624
"1967"	"Female"	"University of Maine"	0	2624
"1967"	"Female"	"Stanford University"	0	2624
"1967"	"Male"	"University of Michigan at Ann Arbor"	0	2624
"1967"	"Gender"	"Brandeis University"	0	2624
"1967"	"Gender"	"Stanford University"	0	2624
"1967"	"Gender"	"University of Maine"	0	2624
"1967"	"Female"	"Northeastern University"	0	2624
"1967"	"Male"	"University of California-Berkeley"	1312	2624
"1967"	"Male"	"Holy Cross College"	0	2624
"1967"	"Male"	"Stanford University"	0	2624
"1967"	"Gender"	"University of Michigan at Ann Arbor"	0	2624
"1967"	"Gender"	"Holy Cross College"	0	2624
"1967"	"Female"	"George Mason University"	0	2624
"1967"	"Female"	"University of Michigan at Ann Arbor"	0	2624
"1967"	"Male"	"Tufts University"	0	2624
"1967"	"Male"	"Brandeis University"	0	2624
"1967"	"Male"	"George Mason University"	0	2624
"1967"	"Gender"	"Tufts University"	0	2624
"1967"	"Female"	"Richard Stockton College of New Jersey"	0	2624
"1967"	"Gender"	"George Mason University"	0	2624
"1967"	"Male"	"Northeastern University"	0	2624
"1967"	"Gender"	"Harvard University"	0	2624
"1967"	"Male"	"Ball State University"	0	2624
"1968"	"Gender"	"Northeastern University"	0	4823
"1968"	"Male"	"University of Maine"	0	4823
"1968"	"Female"	"Northeastern University"	0	4823
"1968"	"Female"	"Ball State University"	0	4823
"1968"	"Female"	"Stanford University"	0	4823
"1968"	"Gender"	"Holy Cross College"	0	4823
"1968"	"Gender"	"Tufts University"	0	4823
"1968"	"Female"	"Tufts University"	0	4823
"1968"	"Gender"	"University of Maine"	0	4823
"1968"	"Male"	"University of Michigan at Ann Arbor"	0	4823
"1968"	"Male"	"University of California-Berkeley"	1312	4823
"1968"	"Gender"	"University of Rhode Island"	0	4823
"1968"	"Female"	"University of Rhode Island"	0	4823
"1968"	"Female"	"University of Michigan at Ann Arbor"	0	4823
"1968"	"Female"	"Richard Stockton College of New Jersey"	0	4823
"1968"	"Male"	"George Mason University"	0	4823
"1968"	"Female"	"Brandeis University"	0	4823
"1968"	"Gender"	"University of Michigan at Ann Arbor"	0	4823
"1968"	"Gender"	"University of California-Berkeley"	0	4823
"1968"	"Male"	"Stanford University"	0	4823
"1968"	"Female"	"George Mason University"	0	4823
"1968"	"Female"	"University of Maine"	0	4823
"1968"	"Male"	"University of Rhode Island"	0	4823
"1968"	"Female"	"Holy Cross College"	0	4823
"1968"	"Gender"	"George Mason University"	0	4823
"1968"	"Male"	"Harvard University"	0	4823
"1968"	"Female"	"University of California-Berkeley"	1312	4823
"1968"	"Gender"	"Stanford University"	0	4823
"1968"	"Male"	"Tufts University"	0	4823
"1968"	"Male"	"Richard Stockton College of New Jersey"	0	4823
"1968"	"Gender"	"Richard Stockton College of New Jersey"	0	4823
"1968"	"Male"	"Holy Cross College"	0	4823
"1968"	"Gender"	"Harvard University"	0	4823
"1968"	"Gender"	"Brandeis University"	0	4823
"1968"	"Male"	"Brandeis University"	0	4823
"1968"	"Female"	"Harvard University"	0	4823
"1968"	"Male"	"Ball State University"	0	4823
"1968"	"Gender"	"Ball State University"	0	4823
"1968"	"Male"	"Northeastern University"	2199	4823
"1969"	"Male"	"University of Maine"	0	7022
"1969"	"Female"	"Tufts University"	0	7022
"1969"	"Male"	"University of California-Berkeley"	1312	7022
"1969"	"Female"	"Northeastern University"	2199	7022
"1969"	"Gender"	"George Mason University"	0	7022
"1969"	"Female"	"University of Michigan at Ann Arbor"	0	7022
"1969"	"Gender"	"Northeastern University"	0	7022
"1969"	"Male"	"University of Michigan at Ann Arbor"	0	7022
"1969"	"Female"	"Stanford University"	0	7022
"1969"	"Gender"	"University of Michigan at Ann Arbor"	0	7022
"1969"	"Male"	"Stanford University"	0	7022
"1969"	"Female"	"Harvard University"	0	7022
"1969"	"Gender"	"University of Maine"	0	7022
"1969"	"Female"	"University of Maine"	0	7022
"1969"	"Female"	"Richard Stockton College of New Jersey"	0	7022
"1969"	"Gender"	"Harvard University"	0	7022
"1969"	"Gender"	"Brandeis University"	0	7022
"1969"	"Male"	"University of Rhode Island"	0	7022
"1969"	"Gender"	"University of California-Berkeley"	0	7022
"1969"	"Male"	"Richard Stockton College of New Jersey"	0	7022
"1969"	"Male"	"Brandeis University"	0	7022
"1969"	"Female"	"George Mason University"	0	7022
"1969"	"Female"	"University of California-Berkeley"	1312	7022
"1969"	"Female"	"Holy Cross College"	0	7022
"1969"	"Female"	"Brandeis University"	0	7022
"1969"	"Gender"	"Tufts University"	0	7022
"1969"	"Male"	"George Mason University"	0	7022
"1969"	"Gender"	"Stanford University"	0	7022
"1969"	"Gender"	"Holy Cross College"	0	7022
"1969"	"Male"	"Tufts University"	0	7022
"1969"	"Male"	"Harvard University"	0	7022
"1969"	"Female"	"University of Rhode Island"	0	7022
"1969"	"Male"	"Holy Cross College"	0	7022
"1969"	"Gender"	"Ball State University"	0	7022
"1969"	"Male"	"Ball State University"	0	7022
"1969"	"Female"	"Ball State University"	0	7022
"1969"	"Male"	"Northeastern University"	2199	7022
"1969"	"Gender"	"Richard Stockton College of New Jersey"	0	7022
"1969"	"Gender"	"University of Rhode Island"	0	7022
"1970"	"Gender"	"University of Maine"	0	25206
"1970"	"Female"	"Stanford University"	0	25206
"1970"	"Male"	"University of Maine"	0	25206
"1970"	"Gender"	"University of Michigan at Ann Arbor"	0	25206
"1970"	"Gender"	"Northeastern University"	0	25206
"1970"	"Male"	"University of Michigan at Ann Arbor"	9092	25206
"1970"	"Female"	"University of Maine"	0	25206
"1970"	"Female"	"University of Michigan at Ann Arbor"	9092	25206
"1970"	"Female"	"Northeastern University"	2199	25206
"1970"	"Female"	"Tufts University"	0	25206
"1970"	"Female"	"University of California-Berkeley"	1312	25206
"1970"	"Gender"	"Stanford University"	0	25206
"1970"	"Gender"	"University of California-Berkeley"	0	25206
"1970"	"Gender"	"Harvard University"	0	25206
"1970"	"Female"	"University of Rhode Island"	0	25206
"1970"	"Gender"	"University of Rhode Island"	0	25206
"1970"	"Male"	"Richard Stockton College of New Jersey"	0	25206
"1970"	"Male"	"Stanford University"	0	25206
"1970"	"Male"	"University of California-Berkeley"	1312	25206
"1970"	"Male"	"University of Rhode Island"	0	25206
"1970"	"Female"	"Richard Stockton College of New Jersey"	0	25206
"1970"	"Female"	"Harvard University"	0	25206
"1970"	"Female"	"George Mason University"	0	25206
"1970"	"Gender"	"George Mason University"	0	25206
"1970"	"Male"	"George Mason University"	0	25206
"1970"	"Gender"	"Holy Cross College"	0	25206
"1970"	"Gender"	"Brandeis University"	0	25206
"1970"	"Male"	"Brandeis University"	0	25206
"1970"	"Male"	"Tufts University"	0	25206
"1970"	"Female"	"Holy Cross College"	0	25206
"1970"	"Male"	"Harvard University"	0	25206
"1970"	"Gender"	"Tufts University"	0	25206
"1970"	"Gender"	"Ball State University"	0	25206
"1970"	"Male"	"Ball State University"	0	25206
"1970"	"Female"	"Brandeis University"	0	25206
"1970"	"Male"	"Holy Cross College"	0	25206
"1970"	"Male"	"Northeastern University"	2199	25206
"1970"	"Gender"	"Richard Stockton College of New Jersey"	0	25206
"1970"	"Female"	"Ball State University"	0	25206
"1971"	"Gender"	"Stanford University"	0	28778
"1971"	"Female"	"Holy Cross College"	0	28778
"1971"	"Female"	"University of Rhode Island"	0	28778
"1971"	"Gender"	"Tufts University"	0	28778
"1971"	"Female"	"George Mason University"	0	28778
"1971"	"Gender"	"George Mason University"	0	28778
"1971"	"Male"	"Brandeis University"	0	28778
"1971"	"Male"	"Northeastern University"	2199	28778
"1971"	"Female"	"Brandeis University"	0	28778
"1971"	"Male"	"University of Rhode Island"	0	28778
"1971"	"Male"	"University of Maine"	0	28778
"1971"	"Female"	"Northeastern University"	2199	28778
"1971"	"Female"	"University of California-Berkeley"	1312	28778
"1971"	"Gender"	"Brandeis University"	0	28778
"1971"	"Gender"	"Ball State University"	0	28778
"1971"	"Male"	"Ball State University"	1786	28778
"1971"	"Gender"	"Richard Stockton College of New Jersey"	0	28778
"1971"	"Female"	"Ball State University"	1786	28778
"1971"	"Male"	"University of California-Berkeley"	1312	28778
"1971"	"Male"	"University of Michigan at Ann Arbor"	9092	28778
"1971"	"Gender"	"University of Rhode Island"	0	28778
"1971"	"Male"	"Richard Stockton College of New Jersey"	0	28778
"1971"	"Female"	"University of Maine"	0	28778
"1971"	"Female"	"Tufts University"	0	28778
"1971"	"Gender"	"Northeastern University"	0	28778
"1971"	"Gender"	"Harvard University"	0	28778
"1971"	"Gender"	"Holy Cross College"	0	28778
"1971"	"Gender"	"University of Maine"	0	28778
"1971"	"Male"	"Holy Cross College"	0	28778
"1971"	"Female"	"Harvard University"	0	28778
"1971"	"Male"	"George Mason University"	0	28778
"1971"	"Male"	"Stanford University"	0	28778
"1971"	"Female"	"Stanford University"	0	28778
"1971"	"Gender"	"University of California-Berkeley"	0	28778
"1971"	"Female"	"University of Michigan at Ann Arbor"	9092	28778
"1971"	"Gender"	"University of Michigan at Ann Arbor"	0	28778
"1971"	"Male"	"Harvard University"	0	28778
"1971"	"Male"	"Tufts University"	0	28778
"1971"	"Female"	"Richard Stockton College of New Jersey"	0	28778
"1972"	"Female"	"George Mason University"	0	26579
"1972"	"Male"	"Northeastern University"	2199	26579
"1972"	"Male"	"University of Rhode Island"	0	26579
"1972"	"Male"	"Holy Cross College"	0	26579
"1972"	"Female"	"Northeastern University"	0	26579
"1972"	"Gender"	"George Mason University"	0	26579
"1972"	"Female"	"University of Rhode Island"	0	26579
"1972"	"Gender"	"Northeastern University"	0	26579
"1972"	"Male"	"Brandeis University"	0	26579
"1972"	"Male"	"University of Maine"	0	26579
"1972"	"Male"	"Ball State University"	1786	26579
"1972"	"Male"	"University of California-Berkeley"	1312	26579
"1972"	"Female"	"Richard Stockton College of New Jersey"	0	26579
"1972"	"Gender"	"Brandeis University"	0	26579
"1972"	"Male"	"University of Michigan at Ann Arbor"	9092	26579
"1972"	"Female"	"Tufts University"	0	26579
"1972"	"Gender"	"Holy Cross College"	0	26579
"1972"	"Gender"	"University of Rhode Island"	0	26579
"1972"	"Gender"	"Ball State University"	0	26579
"1972"	"Gender"	"University of Maine"	0	26579
"1972"	"Male"	"Stanford University"	0	26579
"1972"	"Female"	"Holy Cross College"	0	26579
"1972"	"Female"	"Brandeis University"	0	26579
"1972"	"Female"	"Ball State University"	1786	26579
"1972"	"Female"	"Stanford University"	0	26579
"1972"	"Gender"	"University of Michigan at Ann Arbor"	0	26579
"1972"	"Gender"	"Harvard University"	0	26579
"1972"	"Female"	"University of Maine"	0	26579
"1972"	"Gender"	"University of California-Berkeley"	0	26579
"1972"	"Male"	"Tufts University"	0	26579
"1972"	"Female"	"University of Michigan at Ann Arbor"	9092	26579
"1972"	"Male"	"Richard Stockton College of New Jersey"	0	26579
"1972"	"Female"	"Harvard University"	0	26579
"1972"	"Gender"	"Richard Stockton College of New Jersey"	0	26579
"1972"	"Female"	"University of California-Berkeley"	1312	26579
"1972"	"Gender"	"Stanford University"	0	26579
"1972"	"Male"	"Harvard University"	0	26579
"1972"	"Male"	"George Mason University"	0	26579
"1972"	"Gender"	"Tufts University"	0	26579
"1973"	"Gender"	"Brandeis University"	0	38123
"1973"	"Gender"	"Northeastern University"	0	38123
"1973"	"Male"	"Harvard University"	0	38123
"1973"	"Female"	"Brandeis University"	0	38123
"1973"	"Female"	"Richard Stockton College of New Jersey"	0	38123
"1973"	"Female"	"University of Rhode Island"	0	38123
"1973"	"Gender"	"Ball State University"	0	38123
"1973"	"Male"	"University of Rhode Island"	0	38123
"1973"	"Gender"	"Holy Cross College"	0	38123
"1973"	"Gender"	"Harvard University"	0	38123
"1973"	"Male"	"University of Maine"	0	38123
"1973"	"Female"	"Northeastern University"	2199	38123
"1973"	"Male"	"University of California-Berkeley"	1312	38123
"1973"	"Male"	"Holy Cross College"	0	38123
"1973"	"Male"	"George Mason University"	0	38123
"1973"	"Male"	"University of Michigan at Ann Arbor"	9092	38123
"1973"	"Female"	"Tufts University"	0	38123
"1973"	"Female"	"Holy Cross College"	0	38123
"1973"	"Female"	"Harvard University"	0	38123
"1973"	"Female"	"University of Maine"	0	38123
"1973"	"Gender"	"University of Maine"	0	38123
"1973"	"Gender"	"University of Michigan at Ann Arbor"	0	38123
"1973"	"Gender"	"Richard Stockton College of New Jersey"	0	38123
"1973"	"Male"	"Ball State University"	1786	38123
"1973"	"Female"	"Ball State University"	1786	38123
"1973"	"Male"	"Stanford University"	0	38123
"1973"	"Male"	"Northeastern University"	2199	38123
"1973"	"Gender"	"George Mason University"	0	38123
"1973"	"Female"	"George Mason University"	0	38123
"1973"	"Female"	"Stanford University"	0	38123
"1973"	"Female"	"University of Michigan at Ann Arbor"	9092	38123
"1973"	"Female"	"University of California-Berkeley"	1312	38123
"1973"	"Gender"	"Tufts University"	0	38123
"1973"	"Male"	"Brandeis University"	0	38123
"1973"	"Gender"	"University of California-Berkeley"	0	38123
"1973"	"Gender"	"Stanford University"	0	38123
"1973"	"Male"	"Tufts University"	0	38123
"1973"	"Male"	"Richard Stockton College of New Jersey"	9345	38123
"1973"	"Gender"	"University of Rhode Island"	0	38123
"1974"	"Male"	"University of Rhode Island"	0	38123
"1974"	"Female"	"University of Rhode Island"	0	38123
"1974"	"Female"	"Northeastern University"	2199	38123
"1974"	"Male"	"University of Michigan at Ann Arbor"	9092	38123
"1974"	"Male"	"University of Maine"	0	38123
"1974"	"Gender"	"Holy Cross College"	0	38123
"1974"	"Female"	"Richard Stockton College of New Jersey"	0	38123
"1974"	"Female"	"University of Maine"	0	38123
"1974"	"Female"	"Tufts University"	0	38123
"1974"	"Male"	"University of California-Berkeley"	1312	38123
"1974"	"Gender"	"University of Michigan at Ann Arbor"	0	38123
"1974"	"Female"	"Harvard University"	0	38123
"1974"	"Male"	"Stanford University"	0	38123
"1974"	"Female"	"Holy Cross College"	0	38123
"1974"	"Male"	"Holy Cross College"	0	38123
"1974"	"Male"	"Harvard University"	0	38123
"1974"	"Female"	"Ball State University"	1786	38123
"1974"	"Gender"	"University of Maine"	0	38123
"1974"	"Female"	"University of Michigan at Ann Arbor"	9092	38123
"1974"	"Female"	"University of California-Berkeley"	1312	38123
"1974"	"Gender"	"Northeastern University"	0	38123
"1974"	"Male"	"Tufts University"	0	38123
"1974"	"Gender"	"Stanford University"	0	38123
"1974"	"Gender"	"University of California-Berkeley"	0	38123
"1974"	"Male"	"George Mason University"	0	38123
"1974"	"Gender"	"University of Rhode Island"	0	38123
"1974"	"Male"	"Ball State University"	1786	38123
"1974"	"Male"	"Northeastern University"	2199	38123
"1974"	"Gender"	"George Mason University"	0	38123
"1974"	"Gender"	"Richard Stockton College of New Jersey"	0	38123
"1974"	"Female"	"Stanford University"	0	38123
"1974"	"Female"	"George Mason University"	0	38123
"1974"	"Male"	"Richard Stockton College of New Jersey"	9345	38123
"1974"	"Male"	"Brandeis University"	0	38123
"1974"	"Gender"	"Harvard University"	0	38123
"1974"	"Gender"	"Tufts University"	0	38123
"1974"	"Gender"	"Brandeis University"	0	38123
"1974"	"Gender"	"Ball State University"	0	38123
"1974"	"Female"	"Brandeis University"	0	38123
"1975"	"Female"	"Harvard University"	0	47468
"1975"	"Female"	"Northeastern University"	2199	47468
"1975"	"Male"	"Harvard University"	0	47468
"1975"	"Male"	"George Mason University"	0	47468
"1975"	"Gender"	"Northeastern University"	0	47468
"1975"	"Female"	"Holy Cross College"	0	47468
"1975"	"Male"	"University of Maine"	0	47468
"1975"	"Male"	"University of Michigan at Ann Arbor"	9092	47468
"1975"	"Male"	"Stanford University"	0	47468
"1975"	"Female"	"Brandeis University"	0	47468
"1975"	"Male"	"Holy Cross College"	0	47468
"1975"	"Gender"	"George Mason University"	0	47468
"1975"	"Gender"	"Holy Cross College"	0	47468
"1975"	"Gender"	"Harvard University"	0	47468
"1975"	"Male"	"University of Rhode Island"	0	47468
"1975"	"Male"	"Brandeis University"	0	47468
"1975"	"Gender"	"University of Rhode Island"	0	47468
"1975"	"Male"	"Tufts University"	0	47468
"1975"	"Gender"	"Brandeis University"	0	47468
"1975"	"Female"	"George Mason University"	0	47468
"1975"	"Male"	"Richard Stockton College of New Jersey"	9345	47468
"1975"	"Female"	"Tufts University"	0	47468
"1975"	"Female"	"Ball State University"	1786	47468
"1975"	"Gender"	"Ball State University"	0	47468
"1975"	"Female"	"Stanford University"	0	47468
"1975"	"Gender"	"Stanford University"	0	47468
"1975"	"Female"	"University of Rhode Island"	0	47468
"1975"	"Gender"	"University of California-Berkeley"	0	47468
"1975"	"Male"	"Ball State University"	1786	47468
"1975"	"Female"	"University of California-Berkeley"	1312	47468
"1975"	"Gender"	"Tufts University"	0	47468
"1975"	"Female"	"Richard Stockton College of New Jersey"	9345	47468
"1975"	"Male"	"University of California-Berkeley"	1312	47468
"1975"	"Gender"	"University of Maine"	0	47468
"1975"	"Gender"	"University of Michigan at Ann Arbor"	0	47468
"1975"	"Gender"	"Richard Stockton College of New Jersey"	0	47468
"1975"	"Female"	"University of Maine"	0	47468
"1975"	"Male"	"Northeastern University"	2199	47468
"1975"	"Female"	"University of Michigan at Ann Arbor"	9092	47468
"1976"	"Gender"	"Holy Cross College"	0	55148
"1976"	"Male"	"Harvard University"	0	55148
"1976"	"Female"	"Richard Stockton College of New Jersey"	9345	55148
"1976"	"Gender"	"University of Rhode Island"	0	55148
"1976"	"Male"	"Stanford University"	0	55148
"1976"	"Gender"	"Richard Stockton College of New Jersey"	0	55148
"1976"	"Male"	"George Mason University"	0	55148
"1976"	"Male"	"University of Maine"	0	55148
"1976"	"Female"	"Tufts University"	0	55148
"1976"	"Male"	"Tufts University"	0	55148
"1976"	"Female"	"Holy Cross College"	0	55148
"1976"	"Male"	"University of Rhode Island"	3414	55148
"1976"	"Male"	"Ball State University"	1786	55148
"1976"	"Female"	"University of Rhode Island"	0	55148
"1976"	"Female"	"University of California-Berkeley"	1312	55148
"1976"	"Gender"	"Brandeis University"	0	55148
"1976"	"Male"	"University of Michigan at Ann Arbor"	9092	55148
"1976"	"Gender"	"Stanford University"	0	55148
"1976"	"Gender"	"Northeastern University"	0	55148
"1976"	"Male"	"Holy Cross College"	0	55148
"1976"	"Male"	"Brandeis University"	2133	55148
"1976"	"Male"	"University of California-Berkeley"	1312	55148
"1976"	"Male"	"Richard Stockton College of New Jersey"	9345	55148
"1976"	"Female"	"Harvard University"	0	55148
"1976"	"Female"	"George Mason University"	0	55148
"1976"	"Gender"	"George Mason University"	0	55148
"1976"	"Gender"	"Ball State University"	0	55148
"1976"	"Female"	"Ball State University"	1786	55148
"1976"	"Female"	"University of Michigan at Ann Arbor"	9092	55148
"1976"	"Gender"	"University of Maine"	0	55148
"1976"	"Gender"	"Tufts University"	0	55148
"1976"	"Female"	"University of Maine"	0	55148
"1976"	"Male"	"Northeastern University"	2199	55148
"1976"	"Female"	"Brandeis University"	2133	55148
"1976"	"Female"	"Stanford University"	0	55148
"1976"	"Gender"	"University of California-Berkeley"	0	55148
"1976"	"Female"	"Northeastern University"	2199	55148
"1976"	"Gender"	"University of Michigan at Ann Arbor"	0	55148
"1976"	"Gender"	"Harvard University"	0	55148
"1977"	"Male"	"Northeastern University"	2199	62668
"1977"	"Gender"	"George Mason University"	0	62668
"1977"	"Female"	"Tufts University"	0	62668
"1977"	"Male"	"University of Rhode Island"	3414	62668
"1977"	"Male"	"Brandeis University"	2133	62668
"1977"	"Gender"	"University of Rhode Island"	0	62668
"1977"	"Gender"	"Richard Stockton College of New Jersey"	0	62668
"1977"	"Male"	"George Mason University"	0	62668
"1977"	"Gender"	"Brandeis University"	0	62668
"1977"	"Female"	"University of Rhode Island"	3414	62668
"1977"	"Male"	"Stanford University"	0	62668
"1977"	"Female"	"Ball State University"	1786	62668
"1977"	"Gender"	"University of Maine"	0	62668
"1977"	"Male"	"Ball State University"	1786	62668
"1977"	"Female"	"Stanford University"	0	62668
"1977"	"Female"	"Richard Stockton College of New Jersey"	9345	62668
"1977"	"Female"	"George Mason University"	0	62668
"1977"	"Male"	"University of Maine"	2053	62668
"1977"	"Gender"	"Stanford University"	0	62668
"1977"	"Gender"	"Northeastern University"	0	62668
"1977"	"Gender"	"Ball State University"	0	62668
"1977"	"Female"	"University of Maine"	2053	62668
"1977"	"Male"	"University of Michigan at Ann Arbor"	9092	62668
"1977"	"Male"	"Tufts University"	0	62668
"1977"	"Gender"	"University of California-Berkeley"	0	62668
"1977"	"Gender"	"University of Michigan at Ann Arbor"	0	62668
"1977"	"Female"	"University of Michigan at Ann Arbor"	9092	62668
"1977"	"Female"	"Northeastern University"	2199	62668
"1977"	"Male"	"Richard Stockton College of New Jersey"	9345	62668
"1977"	"Female"	"Brandeis University"	2133	62668
"1977"	"Gender"	"Harvard University"	0	62668
"1977"	"Gender"	"Tufts University"	0	62668
"1977"	"Gender"	"Holy Cross College"	0	62668
"1977"	"Male"	"Harvard University"	0	62668
"1977"	"Male"	"University of California-Berkeley"	1312	62668
"1977"	"Male"	"Holy Cross College"	0	62668
"1977"	"Female"	"University of California-Berkeley"	1312	62668
"1977"	"Female"	"Holy Cross College"	0	62668
"1977"	"Female"	"Harvard University"	0	62668
"1978"	"Male"	"Ball State University"	1786	59254
"1978"	"Male"	"Stanford University"	0	59254
"1978"	"Female"	"University of Maine"	2053	59254
"1978"	"Male"	"Tufts University"	0	59254
"1978"	"Female"	"Tufts University"	0	59254
"1978"	"Male"	"Brandeis University"	2133	59254
"1978"	"Gender"	"Stanford University"	0	59254
"1978"	"Gender"	"Northeastern University"	0	59254
"1978"	"Gender"	"University of Maine"	0	59254
"1978"	"Male"	"University of Rhode Island"	3414	59254
"1978"	"Male"	"University of California-Berkeley"	1312	59254
"1978"	"Male"	"University of Michigan at Ann Arbor"	9092	59254
"1978"	"Female"	"Ball State University"	1786	59254
"1978"	"Gender"	"Brandeis University"	0	59254
"1978"	"Female"	"University of Michigan at Ann Arbor"	9092	59254
"1978"	"Female"	"Northeastern University"	2199	59254
"1978"	"Female"	"Stanford University"	0	59254
"1978"	"Female"	"University of Rhode Island"	0	59254
"1978"	"Gender"	"University of Michigan at Ann Arbor"	0	59254
"1978"	"Gender"	"Tufts University"	0	59254
"1978"	"Gender"	"University of California-Berkeley"	0	59254
"1978"	"Gender"	"Richard Stockton College of New Jersey"	0	59254
"1978"	"Female"	"Brandeis University"	2133	59254
"1978"	"Male"	"Holy Cross College"	0	59254
"1978"	"Male"	"Richard Stockton College of New Jersey"	9345	59254
"1978"	"Male"	"George Mason University"	0	59254
"1978"	"Female"	"George Mason University"	0	59254
"1978"	"Female"	"Holy Cross College"	0	59254
"1978"	"Gender"	"Holy Cross College"	0	59254
"1978"	"Gender"	"Ball State University"	0	59254
"1978"	"Female"	"University of California-Berkeley"	1312	59254
"1978"	"Female"	"Richard Stockton College of New Jersey"	9345	59254
"1978"	"Male"	"University of Maine"	2053	59254
"1978"	"Male"	"Harvard University"	0	59254
"1978"	"Gender"	"Harvard University"	0	59254
"1978"	"Gender"	"University of Rhode Island"	0	59254
"1978"	"Gender"	"George Mason University"	0	59254
"1978"	"Male"	"Northeastern University"	2199	59254
"1978"	"Female"	"Harvard University"	0	59254
"1979"	"Female"	"Holy Cross College"	0	58562
"1979"	"Male"	"Richard Stockton College of New Jersey"	9345	58562
"1979"	"Male"	"Ball State University"	1786	58562
"1979"	"Gender"	"Holy Cross College"	0	58562
"1979"	"Female"	"Northeastern University"	2199	58562
"1979"	"Gender"	"Ball State University"	0	58562
"1979"	"Male"	"University of Rhode Island"	3414	58562
"1979"	"Female"	"University of Maine"	0	58562
"1979"	"Gender"	"Northeastern University"	0	58562
"1979"	"Gender"	"Harvard University"	0	58562
"1979"	"Gender"	"Stanford University"	0	58562
"1979"	"Male"	"Holy Cross College"	0	58562
"1979"	"Male"	"Harvard University"	0	58562
"1979"	"Male"	"George Mason University"	0	58562
"1979"	"Female"	"Brandeis University"	2133	58562
"1979"	"Female"	"George Mason University"	0	58562
"1979"	"Male"	"University of California-Berkeley"	1312	58562
"1979"	"Female"	"Stanford University"	0	58562
"1979"	"Female"	"Harvard University"	0	58562
"1979"	"Gender"	"Brandeis University"	0	58562
"1979"	"Gender"	"George Mason University"	0	58562
"1979"	"Female"	"University of Michigan at Ann Arbor"	9092	58562
"1979"	"Female"	"University of California-Berkeley"	1312	58562
"1979"	"Gender"	"Richard Stockton College of New Jersey"	0	58562
"1979"	"Male"	"Brandeis University"	2133	58562
"1979"	"Gender"	"University of Maine"	0	58562
"1979"	"Gender"	"University of California-Berkeley"	0	58562
"1979"	"Male"	"Northeastern University"	2199	58562
"1979"	"Female"	"Ball State University"	1786	58562
"1979"	"Male"	"Stanford University"	0	58562
"1979"	"Male"	"University of Maine"	0	58562
"1979"	"Male"	"University of Michigan at Ann Arbor"	9092	58562
"1979"	"Female"	"Richard Stockton College of New Jersey"	9345	58562
"1979"	"Female"	"University of Rhode Island"	3414	58562
"1979"	"Gender"	"University of Rhode Island"	0	58562
"1979"	"Female"	"Tufts University"	0	58562
"1979"	"Gender"	"University of Michigan at Ann Arbor"	0	58562
"1979"	"Gender"	"Tufts University"	0	58562
"1979"	"Male"	"Tufts University"	0	58562
"1980"	"Female"	"University of Maine"	2053	62668
"1980"	"Male"	"Harvard University"	0	62668
"1980"	"Gender"	"Northeastern University"	0	62668
"1980"	"Female"	"George Mason University"	0	62668
"1980"	"Female"	"Holy Cross College"	0	62668
"1980"	"Female"	"Northeastern University"	2199	62668
"1980"	"Gender"	"Richard Stockton College of New Jersey"	0	62668
"1980"	"Male"	"Tufts University"	0	62668
"1980"	"Gender"	"George Mason University"	0	62668
"1980"	"Gender"	"Holy Cross College"	0	62668
"1980"	"Female"	"University of California-Berkeley"	1312	62668
"1980"	"Gender"	"Harvard University"	0	62668
"1980"	"Male"	"Holy Cross College"	0	62668
"1980"	"Gender"	"University of Maine"	0	62668
"1980"	"Male"	"George Mason University"	0	62668
"1980"	"Gender"	"University of Michigan at Ann Arbor"	0	62668
"1980"	"Male"	"Richard Stockton College of New Jersey"	9345	62668
"1980"	"Male"	"University of Rhode Island"	3414	62668
"1980"	"Male"	"University of California-Berkeley"	1312	62668
"1980"	"Male"	"University of Maine"	2053	62668
"1980"	"Male"	"University of Michigan at Ann Arbor"	9092	62668
"1980"	"Gender"	"Brandeis University"	0	62668
"1980"	"Female"	"University of Michigan at Ann Arbor"	9092	62668
"1980"	"Female"	"Tufts University"	0	62668
"1980"	"Gender"	"Ball State University"	0	62668
"1980"	"Gender"	"Stanford University"	0	62668
"1980"	"Gender"	"University of Rhode Island"	0	62668
"1980"	"Gender"	"University of California-Berkeley"	0	62668
"1980"	"Male"	"Ball State University"	1786	62668
"1980"	"Male"	"Northeastern University"	2199	62668
"1980"	"Male"	"Stanford University"	0	62668
"1980"	"Female"	"Brandeis University"	2133	62668
"1980"	"Female"	"Harvard University"	0	62668
"1980"	"Female"	"Richard Stockton College of New Jersey"	9345	62668
"1980"	"Female"	"Stanford University"	0	62668
"1980"	"Female"	"University of Rhode Island"	3414	62668
"1980"	"Gender"	"Tufts University"	0	62668
"1980"	"Male"	"Brandeis University"	2133	62668
"1980"	"Female"	"Ball State University"	1786	62668
"1981"	"Male"	"University of Maine"	2053	64887
"1981"	"Gender"	"Holy Cross College"	0	64887
"1981"	"Gender"	"University of Rhode Island"	0	64887
"1981"	"Male"	"Harvard University"	0	64887
"1981"	"Gender"	"Harvard University"	0	64887
"1981"	"Female"	"Holy Cross College"	0	64887
"1981"	"Male"	"University of Rhode Island"	3414	64887
"1981"	"Female"	"Harvard University"	0	64887
"1981"	"Male"	"Holy Cross College"	0	64887
"1981"	"Gender"	"George Mason University"	0	64887
"1981"	"Female"	"University of Maine"	2053	64887
"1981"	"Female"	"Tufts University"	0	64887
"1981"	"Female"	"University of California-Berkeley"	1312	64887
"1981"	"Female"	"Richard Stockton College of New Jersey"	9345	64887
"1981"	"Male"	"Brandeis University"	2133	64887
"1981"	"Gender"	"University of Maine"	0	64887
"1981"	"Gender"	"University of Michigan at Ann Arbor"	0	64887
"1981"	"Gender"	"Tufts University"	0	64887
"1981"	"Female"	"George Mason University"	0	64887
"1981"	"Female"	"Brandeis University"	2133	64887
"1981"	"Male"	"University of California-Berkeley"	1312	64887
"1981"	"Male"	"Tufts University"	2219	64887
"1981"	"Gender"	"Brandeis University"	0	64887
"1981"	"Female"	"University of Michigan at Ann Arbor"	9092	64887
"1981"	"Female"	"University of Rhode Island"	3414	64887
"1981"	"Gender"	"Ball State University"	0	64887
"1981"	"Male"	"University of Michigan at Ann Arbor"	9092	64887
"1981"	"Gender"	"Stanford University"	0	64887
"1981"	"Male"	"George Mason University"	0	64887
"1981"	"Male"	"Ball State University"	1786	64887
"1981"	"Gender"	"Richard Stockton College of New Jersey"	0	64887
"1981"	"Female"	"Ball State University"	1786	64887
"1981"	"Male"	"Stanford University"	0	64887
"1981"	"Gender"	"University of California-Berkeley"	0	64887
"1981"	"Gender"	"Northeastern University"	0	64887
"1981"	"Female"	"Stanford University"	0	64887
"1981"	"Male"	"Richard Stockton College of New Jersey"	9345	64887
"1981"	"Male"	"Northeastern University"	2199	64887
"1981"	"Female"	"Northeastern University"	2199	64887
"1982"	"Female"	"University of Maine"	2053	70855
"1982"	"Male"	"Harvard University"	0	70855
"1982"	"Male"	"Holy Cross College"	0	70855
"1982"	"Gender"	"Brandeis University"	0	70855
"1982"	"Gender"	"George Mason University"	0	70855
"1982"	"Gender"	"Harvard University"	0	70855
"1982"	"Male"	"University of Rhode Island"	3414	70855
"1982"	"Male"	"Stanford University"	0	70855
"1982"	"Gender"	"University of Michigan at Ann Arbor"	0	70855
"1982"	"Gender"	"University of Rhode Island"	0	70855
"1982"	"Female"	"University of Michigan at Ann Arbor"	9092	70855
"1982"	"Female"	"Stanford University"	0	70855
"1982"	"Male"	"University of California-Berkeley"	1312	70855
"1982"	"Female"	"University of Rhode Island"	3414	70855
"1982"	"Female"	"University of California-Berkeley"	1312	70855
"1982"	"Gender"	"Stanford University"	0	70855
"1982"	"Female"	"Tufts University"	2219	70855
"1982"	"Male"	"Ball State University"	1786	70855
"1982"	"Male"	"Brandeis University"	2133	70855
"1982"	"Gender"	"University of Maine"	0	70855
"1982"	"Male"	"Richard Stockton College of New Jersey"	9345	70855
"1982"	"Female"	"George Mason University"	3749	70855
"1982"	"Female"	"Harvard University"	0	70855
"1982"	"Female"	"Holy Cross College"	0	70855
"1982"	"Female"	"Northeastern University"	2199	70855
"1982"	"Male"	"University of Maine"	2053	70855
"1982"	"Gender"	"Ball State University"	0	70855
"1982"	"Female"	"Richard Stockton College of New Jersey"	9345	70855
"1982"	"Gender"	"Holy Cross College"	0	70855
"1982"	"Gender"	"University of California-Berkeley"	0	70855
"1982"	"Gender"	"Richard Stockton College of New Jersey"	0	70855
"1982"	"Gender"	"Tufts University"	0	70855
"1982"	"Male"	"George Mason University"	0	70855
"1982"	"Female"	"Ball State University"	1786	70855
"1982"	"Male"	"Northeastern University"	2199	70855
"1982"	"Female"	"Brandeis University"	2133	70855
"1982"	"Male"	"Tufts University"	2219	70855
"1982"	"Gender"	"Northeastern University"	0	70855
"1982"	"Male"	"University of Michigan at Ann Arbor"	9092	70855
"1983"	"Male"	"Holy Cross College"	0	74604
"1983"	"Male"	"Richard Stockton College of New Jersey"	9345	74604
"1983"	"Female"	"Holy Cross College"	0	74604
"1983"	"Male"	"University of Rhode Island"	3414	74604
"1983"	"Female"	"Stanford University"	0	74604
"1983"	"Gender"	"Brandeis University"	0	74604
"1983"	"Female"	"University of California-Berkeley"	1312	74604
"1983"	"Gender"	"Stanford University"	0	74604
"1983"	"Male"	"Harvard University"	0	74604
"1983"	"Gender"	"Richard Stockton College of New Jersey"	0	74604
"1983"	"Female"	"University of Michigan at Ann Arbor"	9092	74604
"1983"	"Gender"	"University of California-Berkeley"	0	74604
"1983"	"Female"	"Northeastern University"	2199	74604
"1983"	"Male"	"University of Maine"	2053	74604
"1983"	"Female"	"Tufts University"	2219	74604
"1983"	"Female"	"Brandeis University"	2133	74604
"1983"	"Gender"	"Holy Cross College"	0	74604
"1983"	"Gender"	"University of Maine"	0	74604
"1983"	"Gender"	"Northeastern University"	0	74604
"1983"	"Female"	"Richard Stockton College of New Jersey"	9345	74604
"1983"	"Male"	"Brandeis University"	2133	74604
"1983"	"Male"	"University of California-Berkeley"	1312	74604
"1983"	"Male"	"Stanford University"	0	74604
"1983"	"Gender"	"Harvard University"	0	74604
"1983"	"Female"	"Ball State University"	1786	74604
"1983"	"Female"	"University of Maine"	2053	74604
"1983"	"Female"	"George Mason University"	3749	74604
"1983"	"Female"	"Harvard University"	0	74604
"1983"	"Male"	"University of Michigan at Ann Arbor"	9092	74604
"1983"	"Gender"	"Tufts University"	0	74604
"1983"	"Male"	"Ball State University"	1786	74604
"1983"	"Female"	"University of Rhode Island"	3414	74604
"1983"	"Gender"	"George Mason University"	0	74604
"1983"	"Male"	"Northeastern University"	2199	74604
"1983"	"Male"	"Tufts University"	2219	74604
"1983"	"Gender"	"University of Rhode Island"	0	74604
"1983"	"Gender"	"Ball State University"	0	74604
"1983"	"Gender"	"University of Michigan at Ann Arbor"	0	74604
"1983"	"Male"	"George Mason University"	3749	74604
"1984"	"Gender"	"Richard Stockton College of New Jersey"	0	78914
"1984"	"Gender"	"Holy Cross College"	0	78914
"1984"	"Male"	"Richard Stockton College of New Jersey"	9345	78914
"1984"	"Female"	"Stanford University"	0	78914
"1984"	"Female"	"Northeastern University"	2199	78914
"1984"	"Male"	"University of Rhode Island"	3414	78914
"1984"	"Gender"	"Northeastern University"	0	78914
"1984"	"Female"	"University of Maine"	2053	78914
"1984"	"Gender"	"Ball State University"	0	78914
"1984"	"Gender"	"University of Maine"	0	78914
"1984"	"Male"	"Harvard University"	2155	78914
"1984"	"Female"	"University of Michigan at Ann Arbor"	9092	78914
"1984"	"Male"	"Holy Cross College"	0	78914
"1984"	"Female"	"Holy Cross College"	0	78914
"1984"	"Male"	"University of Maine"	2053	78914
"1984"	"Female"	"Ball State University"	1786	78914
"1984"	"Male"	"University of Michigan at Ann Arbor"	9092	78914
"1984"	"Female"	"Richard Stockton College of New Jersey"	9345	78914
"1984"	"Gender"	"Brandeis University"	0	78914
"1984"	"Female"	"University of Rhode Island"	3414	78914
"1984"	"Gender"	"Harvard University"	0	78914
"1984"	"Gender"	"Stanford University"	0	78914
"1984"	"Gender"	"University of California-Berkeley"	0	78914
"1984"	"Male"	"Brandeis University"	2133	78914
"1984"	"Gender"	"University of Rhode Island"	0	78914
"1984"	"Male"	"Northeastern University"	2199	78914
"1984"	"Female"	"Brandeis University"	2133	78914
"1984"	"Male"	"University of California-Berkeley"	1312	78914
"1984"	"Female"	"Tufts University"	2219	78914
"1984"	"Female"	"Harvard University"	2155	78914
"1984"	"Male"	"Tufts University"	2219	78914
"1984"	"Gender"	"University of Michigan at Ann Arbor"	0	78914
"1984"	"Male"	"Ball State University"	1786	78914
"1984"	"Gender"	"George Mason University"	0	78914
"1984"	"Gender"	"Tufts University"	0	78914
"1984"	"Female"	"George Mason University"	3749	78914
"1984"	"Male"	"Stanford University"	0	78914
"1984"	"Female"	"University of California-Berkeley"	1312	78914
"1984"	"Male"	"George Mason University"	3749	78914
"1985"	"Female"	"University of Maine"	2053	78914
"1985"	"Gender"	"Stanford University"	0	78914
"1985"	"Male"	"Holy Cross College"	0	78914
"1985"	"Female"	"University of Michigan at Ann Arbor"	9092	78914
"1985"	"Male"	"University of Rhode Island"	3414	78914
"1985"	"Male"	"University of Maine"	2053	78914
"1985"	"Male"	"University of California-Berkeley"	1312	78914
"1985"	"Female"	"Holy Cross College"	0	78914
"1985"	"Gender"	"Harvard University"	0	78914
"1985"	"Female"	"Richard Stockton College of New Jersey"	9345	78914
"1985"	"Gender"	"Brandeis University"	0	78914
"1985"	"Male"	"Brandeis University"	2133	78914
"1985"	"Gender"	"University of Rhode Island"	0	78914
"1985"	"Gender"	"Richard Stockton College of New Jersey"	0	78914
"1985"	"Gender"	"University of Maine"	0	78914
"1985"	"Female"	"George Mason University"	3749	78914
"1985"	"Female"	"Brandeis University"	2133	78914
"1985"	"Female"	"Northeastern University"	2199	78914
"1985"	"Male"	"University of Michigan at Ann Arbor"	9092	78914
"1985"	"Female"	"Stanford University"	0	78914
"1985"	"Female"	"University of Rhode Island"	3414	78914
"1985"	"Gender"	"George Mason University"	0	78914
"1985"	"Gender"	"Holy Cross College"	0	78914
"1985"	"Gender"	"Northeastern University"	0	78914
"1985"	"Gender"	"University of California-Berkeley"	0	78914
"1985"	"Male"	"Ball State University"	1786	78914
"1985"	"Male"	"Northeastern University"	2199	78914
"1985"	"Male"	"Richard Stockton College of New Jersey"	9345	78914
"1985"	"Male"	"Stanford University"	0	78914
"1985"	"Male"	"George Mason University"	3749	78914
"1985"	"Female"	"Harvard University"	2155	78914
"1985"	"Male"	"Tufts University"	2219	78914
"1985"	"Female"	"Ball State University"	1786	78914
"1985"	"Female"	"University of California-Berkeley"	1312	78914
"1985"	"Gender"	"Ball State University"	0	78914
"1985"	"Gender"	"University of Michigan at Ann Arbor"	0	78914
"1985"	"Gender"	"Tufts University"	0	78914
"1985"	"Male"	"Harvard University"	2155	78914
"1985"	"Female"	"Tufts University"	2219	78914
"1986"	"Female"	"George Mason University"	3749	78914
"1986"	"Gender"	"Brandeis University"	0	78914
"1986"	"Gender"	"Holy Cross College"	0	78914
"1986"	"Gender"	"Stanford University"	0	78914
"1986"	"Gender"	"University of Maine"	0	78914
"1986"	"Female"	"Holy Cross College"	0	78914
"1986"	"Male"	"Richard Stockton College of New Jersey"	9345	78914
"1986"	"Male"	"Stanford University"	0	78914
"1986"	"Male"	"University of California-Berkeley"	1312	78914
"1986"	"Gender"	"George Mason University"	0	78914
"1986"	"Female"	"University of Maine"	2053	78914
"1986"	"Female"	"Stanford University"	0	78914
"1986"	"Gender"	"Richard Stockton College of New Jersey"	0	78914
"1986"	"Male"	"Brandeis University"	2133	78914
"1986"	"Gender"	"Ball State University"	0	78914
"1986"	"Female"	"University of Rhode Island"	3414	78914
"1986"	"Gender"	"University of Rhode Island"	0	78914
"1986"	"Gender"	"Harvard University"	0	78914
"1986"	"Male"	"University of Maine"	2053	78914
"1986"	"Male"	"Harvard University"	2155	78914
"1986"	"Male"	"University of Rhode Island"	3414	78914
"1986"	"Male"	"Holy Cross College"	0	78914
"1986"	"Female"	"University of California-Berkeley"	1312	78914
"1986"	"Male"	"University of Michigan at Ann Arbor"	9092	78914
"1986"	"Female"	"University of Michigan at Ann Arbor"	9092	78914
"1986"	"Female"	"Harvard University"	2155	78914
"1986"	"Gender"	"University of California-Berkeley"	0	78914
"1986"	"Female"	"Richard Stockton College of New Jersey"	9345	78914
"1986"	"Male"	"George Mason University"	3749	78914
"1986"	"Gender"	"Tufts University"	0	78914
"1986"	"Gender"	"University of Michigan at Ann Arbor"	0	78914
"1986"	"Female"	"Brandeis University"	2133	78914
"1986"	"Male"	"Tufts University"	2219	78914
"1986"	"Female"	"Ball State University"	1786	78914
"1986"	"Female"	"Tufts University"	2219	78914
"1986"	"Male"	"Ball State University"	1786	78914
"1986"	"Gender"	"Northeastern University"	0	78914
"1986"	"Male"	"Northeastern University"	2199	78914
"1986"	"Female"	"Northeastern University"	2199	78914
"1987"	"Male"	"Stanford University"	1305	81524
"1987"	"Female"	"Stanford University"	1305	81524
"1987"	"Gender"	"Holy Cross College"	0	81524
"1987"	"Female"	"University of Maine"	2053	81524
"1987"	"Male"	"Richard Stockton College of New Jersey"	9345	81524
"1987"	"Male"	"Holy Cross College"	0	81524
"1987"	"Male"	"University of California-Berkeley"	1312	81524
"1987"	"Male"	"University of Rhode Island"	3414	81524
"1987"	"Female"	"Harvard University"	2155	81524
"1987"	"Female"	"University of California-Berkeley"	1312	81524
"1987"	"Female"	"Tufts University"	2219	81524
"1987"	"Gender"	"Stanford University"	0	81524
"1987"	"Gender"	"Brandeis University"	0	81524
"1987"	"Female"	"University of Rhode Island"	3414	81524
"1987"	"Gender"	"Richard Stockton College of New Jersey"	0	81524
"1987"	"Gender"	"Ball State University"	0	81524
"1987"	"Male"	"Ball State University"	1786	81524
"1987"	"Male"	"Harvard University"	2155	81524
"1987"	"Gender"	"University of Rhode Island"	0	81524
"1987"	"Male"	"George Mason University"	3749	81524
"1987"	"Female"	"George Mason University"	3749	81524
"1987"	"Female"	"Brandeis University"	2133	81524
"1987"	"Female"	"Holy Cross College"	0	81524
"1987"	"Female"	"Northeastern University"	2199	81524
"1987"	"Female"	"Richard Stockton College of New Jersey"	9345	81524
"1987"	"Gender"	"Tufts University"	0	81524
"1987"	"Gender"	"George Mason University"	0	81524
"1987"	"Gender"	"Harvard University"	0	81524
"1987"	"Gender"	"University of California-Berkeley"	0	81524
"1987"	"Male"	"Northeastern University"	2199	81524
"1987"	"Gender"	"University of Maine"	0	81524
"1987"	"Male"	"Brandeis University"	2133	81524
"1987"	"Male"	"University of Maine"	2053	81524
"1987"	"Male"	"University of Michigan at Ann Arbor"	9092	81524
"1987"	"Male"	"Tufts University"	2219	81524
"1987"	"Female"	"Ball State University"	1786	81524
"1987"	"Gender"	"Northeastern University"	0	81524
"1987"	"Gender"	"University of Michigan at Ann Arbor"	0	81524
"1987"	"Female"	"University of Michigan at Ann Arbor"	9092	81524
"1988"	"Gender"	"University of Rhode Island"	0	81524
"1988"	"Female"	"University of Maine"	2053	81524
"1988"	"Gender"	"Holy Cross College"	0	81524
"1988"	"Gender"	"Stanford University"	0	81524
"1988"	"Female"	"Richard Stockton College of New Jersey"	9345	81524
"1988"	"Male"	"Holy Cross College"	0	81524
"1988"	"Male"	"Ball State University"	1786	81524
"1988"	"Male"	"Richard Stockton College of New Jersey"	9345	81524
"1988"	"Gender"	"Brandeis University"	0	81524
"1988"	"Male"	"University of Rhode Island"	3414	81524
"1988"	"Female"	"Holy Cross College"	0	81524
"1988"	"Female"	"Northeastern University"	2199	81524
"1988"	"Gender"	"Tufts University"	0	81524
"1988"	"Female"	"University of California-Berkeley"	1312	81524
"1988"	"Female"	"Tufts University"	2219	81524
"1988"	"Female"	"University of Rhode Island"	3414	81524
"1988"	"Male"	"University of Michigan at Ann Arbor"	9092	81524
"1988"	"Gender"	"Richard Stockton College of New Jersey"	0	81524
"1988"	"Gender"	"University of Maine"	0	81524
"1988"	"Male"	"Brandeis University"	2133	81524
"1988"	"Male"	"Harvard University"	2155	81524
"1988"	"Male"	"Stanford University"	1305	81524
"1988"	"Male"	"Tufts University"	2219	81524
"1988"	"Male"	"University of California-Berkeley"	1312	81524
"1988"	"Male"	"University of Maine"	2053	81524
"1988"	"Female"	"George Mason University"	3749	81524
"1988"	"Female"	"Stanford University"	1305	81524
"1988"	"Gender"	"University of California-Berkeley"	0	81524
"1988"	"Gender"	"Ball State University"	0	81524
"1988"	"Gender"	"Harvard University"	0	81524
"1988"	"Gender"	"Northeastern University"	0	81524
"1988"	"Gender"	"University of Michigan at Ann Arbor"	0	81524
"1988"	"Female"	"Ball State University"	1786	81524
"1988"	"Female"	"Brandeis University"	2133	81524
"1988"	"Male"	"Northeastern University"	2199	81524
"1988"	"Female"	"Harvard University"	2155	81524
"1988"	"Gender"	"George Mason University"	0	81524
"1988"	"Male"	"George Mason University"	3749	81524
"1988"	"Female"	"University of Michigan at Ann Arbor"	9092	81524
"1989"	"Female"	"Northeastern University"	2199	79305
"1989"	"Male"	"Holy Cross College"	0	79305
"1989"	"Male"	"Brandeis University"	2133	79305
"1989"	"Gender"	"Holy Cross College"	0	79305
"1989"	"Female"	"University of Maine"	2053	79305
"1989"	"Female"	"Stanford University"	1305	79305
"1989"	"Gender"	"Brandeis University"	0	79305
"1989"	"Gender"	"University of California-Berkeley"	0	79305
"1989"	"Gender"	"University of Rhode Island"	0	79305
"1989"	"Male"	"Richard Stockton College of New Jersey"	9345	79305
"1989"	"Gender"	"University of Maine"	0	79305
"1989"	"Female"	"Holy Cross College"	0	79305
"1989"	"Male"	"University of Maine"	2053	79305
"1989"	"Male"	"University of Michigan at Ann Arbor"	9092	79305
"1989"	"Female"	"Harvard University"	2155	79305
"1989"	"Female"	"Ball State University"	1786	79305
"1989"	"Female"	"University of California-Berkeley"	1312	79305
"1989"	"Female"	"University of Rhode Island"	3414	79305
"1989"	"Gender"	"Northeastern University"	0	79305
"1989"	"Gender"	"Richard Stockton College of New Jersey"	0	79305
"1989"	"Gender"	"Stanford University"	0	79305
"1989"	"Male"	"Ball State University"	1786	79305
"1989"	"Male"	"Harvard University"	2155	79305
"1989"	"Male"	"University of Rhode Island"	3414	79305
"1989"	"Male"	"University of California-Berkeley"	1312	79305
"1989"	"Female"	"Brandeis University"	2133	79305
"1989"	"Female"	"George Mason University"	3749	79305
"1989"	"Male"	"Tufts University"	2219	79305
"1989"	"Gender"	"George Mason University"	0	79305
"1989"	"Female"	"Richard Stockton College of New Jersey"	9345	79305
"1989"	"Gender"	"Ball State University"	0	79305
"1989"	"Gender"	"Harvard University"	0	79305
"1989"	"Gender"	"University of Michigan at Ann Arbor"	0	79305
"1989"	"Male"	"Northeastern University"	2199	79305
"1989"	"Male"	"George Mason University"	3749	79305
"1989"	"Gender"	"Tufts University"	0	79305
"1989"	"Female"	"University of Michigan at Ann Arbor"	9092	79305
"1989"	"Female"	"Tufts University"	0	79305
"1989"	"Male"	"Stanford University"	1305	79305
"1990"	"Male"	"Brandeis University"	2133	81524
"1990"	"Female"	"University of Maine"	2053	81524
"1990"	"Gender"	"University of Maine"	0	81524
"1990"	"Male"	"University of California-Berkeley"	1312	81524
"1990"	"Female"	"Stanford University"	1305	81524
"1990"	"Male"	"University of Michigan at Ann Arbor"	9092	81524
"1990"	"Male"	"University of Rhode Island"	3414	81524
"1990"	"Gender"	"Brandeis University"	0	81524
"1990"	"Gender"	"Stanford University"	0	81524
"1990"	"Gender"	"University of California-Berkeley"	0	81524
"1990"	"Gender"	"University of Rhode Island"	0	81524
"1990"	"Gender"	"Harvard University"	0	81524
"1990"	"Male"	"Northeastern University"	2199	81524
"1990"	"Male"	"University of Maine"	2053	81524
"1990"	"Female"	"George Mason University"	3749	81524
"1990"	"Female"	"Harvard University"	2155	81524
"1990"	"Female"	"Holy Cross College"	0	81524
"1990"	"Female"	"Northeastern University"	2199	81524
"1990"	"Female"	"University of California-Berkeley"	1312	81524
"1990"	"Female"	"University of Michigan at Ann Arbor"	9092	81524
"1990"	"Gender"	"George Mason University"	0	81524
"1990"	"Gender"	"Richard Stockton College of New Jersey"	0	81524
"1990"	"Female"	"Brandeis University"	2133	81524
"1990"	"Male"	"Ball State University"	1786	81524
"1990"	"Male"	"Holy Cross College"	0	81524
"1990"	"Male"	"Harvard University"	2155	81524
"1990"	"Gender"	"Holy Cross College"	0	81524
"1990"	"Male"	"Stanford University"	1305	81524
"1990"	"Male"	"Tufts University"	2219	81524
"1990"	"Female"	"Ball State University"	1786	81524
"1990"	"Gender"	"University of Michigan at Ann Arbor"	0	81524
"1990"	"Female"	"Richard Stockton College of New Jersey"	9345	81524
"1990"	"Female"	"University of Rhode Island"	3414	81524
"1990"	"Female"	"Tufts University"	2219	81524
"1990"	"Male"	"Richard Stockton College of New Jersey"	9345	81524
"1990"	"Gender"	"Northeastern University"	0	81524
"1990"	"Gender"	"Tufts University"	0	81524
"1990"	"Male"	"George Mason University"	3749	81524
"1990"	"Gender"	"Ball State University"	0	81524
"1991"	"Male"	"Brandeis University"	2133	81524
"1991"	"Gender"	"Brandeis University"	0	81524
"1991"	"Gender"	"Stanford University"	0	81524
"1991"	"Male"	"University of Rhode Island"	3414	81524
"1991"	"Female"	"Holy Cross College"	0	81524
"1991"	"Female"	"Brandeis University"	2133	81524
"1991"	"Female"	"George Mason University"	3749	81524
"1991"	"Female"	"University of Michigan at Ann Arbor"	9092	81524
"1991"	"Gender"	"George Mason University"	0	81524
"1991"	"Female"	"Stanford University"	1305	81524
"1991"	"Gender"	"Harvard University"	0	81524
"1991"	"Gender"	"University of California-Berkeley"	0	81524
"1991"	"Gender"	"University of Maine"	0	81524
"1991"	"Gender"	"Holy Cross College"	0	81524
"1991"	"Male"	"Richard Stockton College of New Jersey"	9345	81524
"1991"	"Male"	"Stanford University"	1305	81524
"1991"	"Male"	"Tufts University"	2219	81524
"1991"	"Male"	"University of Michigan at Ann Arbor"	9092	81524
"1991"	"Male"	"University of Maine"	2053	81524
"1991"	"Female"	"University of Maine"	2053	81524
"1991"	"Gender"	"Ball State University"	0	81524
"1991"	"Female"	"University of California-Berkeley"	1312	81524
"1991"	"Female"	"University of Rhode Island"	3414	81524
"1991"	"Gender"	"University of Rhode Island"	0	81524
"1991"	"Gender"	"Richard Stockton College of New Jersey"	0	81524
"1991"	"Male"	"Ball State University"	1786	81524
"1991"	"Gender"	"University of Michigan at Ann Arbor"	0	81524
"1991"	"Gender"	"Northeastern University"	0	81524
"1991"	"Male"	"Holy Cross College"	0	81524
"1991"	"Male"	"Harvard University"	2155	81524
"1991"	"Male"	"University of California-Berkeley"	1312	81524
"1991"	"Female"	"Ball State University"	1786	81524
"1991"	"Female"	"Harvard University"	2155	81524
"1991"	"Female"	"Tufts University"	2219	81524
"1991"	"Female"	"Richard Stockton College of New Jersey"	9345	81524
"1991"	"Male"	"George Mason University"	3749	81524
"1991"	"Gender"	"Tufts University"	0	81524
"1991"	"Male"	"Northeastern University"	2199	81524
"1991"	"Female"	"Northeastern University"	2199	81524
"1992"	"Male"	"Stanford University"	1305	81524
"1992"	"Female"	"Stanford University"	1305	81524
"1992"	"Gender"	"Stanford University"	0	81524
"1992"	"Female"	"University of Rhode Island"	3414	81524
"1992"	"Male"	"Holy Cross College"	0	81524
"1992"	"Male"	"University of Rhode Island"	3414	81524
"1992"	"Female"	"Holy Cross College"	0	81524
"1992"	"Male"	"University of Michigan at Ann Arbor"	9092	81524
"1992"	"Gender"	"Brandeis University"	0	81524
"1992"	"Gender"	"Holy Cross College"	0	81524
"1992"	"Female"	"University of Maine"	2053	81524
"1992"	"Male"	"Richard Stockton College of New Jersey"	9345	81524
"1992"	"Gender"	"Harvard University"	0	81524
"1992"	"Male"	"University of California-Berkeley"	1312	81524
"1992"	"Male"	"Brandeis University"	2133	81524
"1992"	"Female"	"Brandeis University"	2133	81524
"1992"	"Male"	"Harvard University"	2155	81524
"1992"	"Female"	"Tufts University"	2219	81524
"1992"	"Female"	"Ball State University"	1786	81524
"1992"	"Female"	"University of California-Berkeley"	1312	81524
"1992"	"Female"	"George Mason University"	3749	81524
"1992"	"Gender"	"University of California-Berkeley"	0	81524
"1992"	"Gender"	"Ball State University"	0	81524
"1992"	"Male"	"Ball State University"	1786	81524
"1992"	"Gender"	"University of Rhode Island"	0	81524
"1992"	"Female"	"University of Michigan at Ann Arbor"	9092	81524
"1992"	"Gender"	"Richard Stockton College of New Jersey"	0	81524
"1992"	"Male"	"Northeastern University"	2199	81524
"1992"	"Male"	"George Mason University"	3749	81524
"1992"	"Gender"	"University of Maine"	0	81524
"1992"	"Female"	"Harvard University"	2155	81524
"1992"	"Female"	"Northeastern University"	2199	81524
"1992"	"Female"	"Richard Stockton College of New Jersey"	9345	81524
"1992"	"Male"	"Tufts University"	2219	81524
"1992"	"Gender"	"George Mason University"	0	81524
"1992"	"Gender"	"Northeastern University"	0	81524
"1992"	"Gender"	"Tufts University"	0	81524
"1992"	"Gender"	"University of Michigan at Ann Arbor"	0	81524
"1992"	"Male"	"University of Maine"	2053	81524
"1993"	"Male"	"Holy Cross College"	0	81524
"1993"	"Female"	"University of California-Berkeley"	1312	81524
"1993"	"Gender"	"Holy Cross College"	0	81524
"1993"	"Gender"	"Brandeis University"	0	81524
"1993"	"Gender"	"University of Rhode Island"	0	81524
"1993"	"Male"	"Harvard University"	2155	81524
"1993"	"Male"	"University of Rhode Island"	3414	81524
"1993"	"Female"	"Holy Cross College"	0	81524
"1993"	"Male"	"University of California-Berkeley"	1312	81524
"1993"	"Female"	"University of Maine"	2053	81524
"1993"	"Female"	"Northeastern University"	2199	81524
"1993"	"Female"	"Richard Stockton College of New Jersey"	9345	81524
"1993"	"Female"	"Stanford University"	1305	81524
"1993"	"Female"	"University of Rhode Island"	3414	81524
"1993"	"Gender"	"Harvard University"	0	81524
"1993"	"Gender"	"Stanford University"	0	81524
"1993"	"Gender"	"Tufts University"	0	81524
"1993"	"Gender"	"University of Maine"	0	81524
"1993"	"Male"	"Ball State University"	1786	81524
"1993"	"Male"	"Northeastern University"	2199	81524
"1993"	"Female"	"Brandeis University"	2133	81524
"1993"	"Male"	"Stanford University"	1305	81524
"1993"	"Male"	"University of Michigan at Ann Arbor"	9092	81524
"1993"	"Male"	"University of Maine"	2053	81524
"1993"	"Gender"	"George Mason University"	0	81524
"1993"	"Gender"	"Richard Stockton College of New Jersey"	0	81524
"1993"	"Gender"	"Ball State University"	0	81524
"1993"	"Female"	"University of Michigan at Ann Arbor"	9092	81524
"1993"	"Gender"	"University of Michigan at Ann Arbor"	0	81524
"1993"	"Male"	"Richard Stockton College of New Jersey"	9345	81524
"1993"	"Gender"	"University of California-Berkeley"	0	81524
"1993"	"Male"	"Tufts University"	2219	81524
"1993"	"Female"	"Harvard University"	2155	81524
"1993"	"Female"	"George Mason University"	3749	81524
"1993"	"Female"	"Ball State University"	1786	81524
"1993"	"Male"	"Brandeis University"	2133	81524
"1993"	"Female"	"Tufts University"	2219	81524
"1993"	"Gender"	"Northeastern University"	0	81524
"1993"	"Male"	"George Mason University"	3749	81524
"1994"	"Female"	"University of Maine"	2053	81524
"1994"	"Male"	"Harvard University"	2155	81524
"1994"	"Female"	"Northeastern University"	2199	81524
"1994"	"Male"	"University of Maine"	2053	81524
"1994"	"Gender"	"Holy Cross College"	0	81524
"1994"	"Gender"	"University of Maine"	0	81524
"1994"	"Female"	"University of Rhode Island"	3414	81524
"1994"	"Gender"	"Brandeis University"	0	81524
"1994"	"Female"	"Holy Cross College"	0	81524
"1994"	"Male"	"University of California-Berkeley"	1312	81524
"1994"	"Male"	"Holy Cross College"	0	81524
"1994"	"Female"	"Harvard University"	2155	81524
"1994"	"Male"	"University of Michigan at Ann Arbor"	9092	81524
"1994"	"Female"	"Stanford University"	1305	81524
"1994"	"Gender"	"Ball State University"	0	81524
"1994"	"Female"	"University of Michigan at Ann Arbor"	9092	81524
"1994"	"Gender"	"Harvard University"	0	81524
"1994"	"Gender"	"Northeastern University"	0	81524
"1994"	"Gender"	"University of California-Berkeley"	0	81524
"1994"	"Male"	"Ball State University"	1786	81524
"1994"	"Gender"	"University of Michigan at Ann Arbor"	0	81524
"1994"	"Male"	"Richard Stockton College of New Jersey"	9345	81524
"1994"	"Female"	"Brandeis University"	2133	81524
"1994"	"Male"	"University of Rhode Island"	3414	81524
"1994"	"Female"	"George Mason University"	3749	81524
"1994"	"Male"	"Tufts University"	2219	81524
"1994"	"Female"	"Tufts University"	2219	81524
"1994"	"Male"	"Brandeis University"	2133	81524
"1994"	"Female"	"University of California-Berkeley"	1312	81524
"1994"	"Gender"	"George Mason University"	0	81524
"1994"	"Gender"	"University of Rhode Island"	0	81524
"1994"	"Male"	"George Mason University"	3749	81524
"1994"	"Gender"	"Stanford University"	0	81524
"1994"	"Female"	"Ball State University"	1786	81524
"1994"	"Male"	"Stanford University"	1305	81524
"1994"	"Male"	"Northeastern University"	2199	81524
"1994"	"Female"	"Richard Stockton College of New Jersey"	9345	81524
"1994"	"Gender"	"Tufts University"	0	81524
"1994"	"Gender"	"Richard Stockton College of New Jersey"	0	81524
"1995"	"Female"	"University of Maine"	2053	79305
"1995"	"Gender"	"Brandeis University"	0	79305
"1995"	"Gender"	"University of Rhode Island"	0	79305
"1995"	"Gender"	"Ball State University"	0	79305
"1995"	"Female"	"Holy Cross College"	0	79305
"1995"	"Female"	"Stanford University"	1305	79305
"1995"	"Gender"	"University of Maine"	0	79305
"1995"	"Male"	"Ball State University"	1786	79305
"1995"	"Female"	"University of Rhode Island"	3414	79305
"1995"	"Gender"	"Holy Cross College"	0	79305
"1995"	"Female"	"Brandeis University"	2133	79305
"1995"	"Male"	"University of California-Berkeley"	1312	79305
"1995"	"Male"	"University of Maine"	2053	79305
"1995"	"Male"	"George Mason University"	3749	79305
"1995"	"Male"	"University of Rhode Island"	3414	79305
"1995"	"Gender"	"University of California-Berkeley"	0	79305
"1995"	"Female"	"Northeastern University"	2199	79305
"1995"	"Female"	"Harvard University"	2155	79305
"1995"	"Female"	"University of Michigan at Ann Arbor"	9092	79305
"1995"	"Male"	"Richard Stockton College of New Jersey"	9345	79305
"1995"	"Gender"	"Stanford University"	0	79305
"1995"	"Gender"	"George Mason University"	0	79305
"1995"	"Gender"	"Tufts University"	0	79305
"1995"	"Male"	"University of Michigan at Ann Arbor"	9092	79305
"1995"	"Male"	"Holy Cross College"	0	79305
"1995"	"Female"	"George Mason University"	3749	79305
"1995"	"Male"	"Stanford University"	1305	79305
"1995"	"Gender"	"Harvard University"	0	79305
"1995"	"Male"	"Brandeis University"	2133	79305
"1995"	"Gender"	"Richard Stockton College of New Jersey"	0	79305
"1995"	"Female"	"University of California-Berkeley"	1312	79305
"1995"	"Gender"	"Northeastern University"	0	79305
"1995"	"Male"	"Harvard University"	2155	79305
"1995"	"Gender"	"University of Michigan at Ann Arbor"	0	79305
"1995"	"Male"	"Northeastern University"	2199	79305
"1995"	"Female"	"Ball State University"	1786	79305
"1995"	"Male"	"Tufts University"	2219	79305
"1995"	"Female"	"Richard Stockton College of New Jersey"	9345	79305
"1995"	"Female"	"Tufts University"	0	79305
"1996"	"Female"	"Brandeis University"	2133	79471
"1996"	"Gender"	"Stanford University"	0	79471
"1996"	"Female"	"Holy Cross College"	0	79471
"1996"	"Male"	"University of Michigan at Ann Arbor"	9092	79471
"1996"	"Female"	"Stanford University"	1305	79471
"1996"	"Male"	"University of Rhode Island"	3414	79471
"1996"	"Female"	"University of Maine"	0	79471
"1996"	"Gender"	"Holy Cross College"	0	79471
"1996"	"Gender"	"Richard Stockton College of New Jersey"	0	79471
"1996"	"Gender"	"Harvard University"	0	79471
"1996"	"Gender"	"Tufts University"	0	79471
"1996"	"Male"	"Richard Stockton College of New Jersey"	9345	79471
"1996"	"Gender"	"University of Rhode Island"	0	79471
"1996"	"Female"	"George Mason University"	3749	79471
"1996"	"Male"	"Stanford University"	1305	79471
"1996"	"Male"	"Tufts University"	2219	79471
"1996"	"Male"	"University of California-Berkeley"	1312	79471
"1996"	"Male"	"University of Maine"	2053	79471
"1996"	"Female"	"Richard Stockton College of New Jersey"	9345	79471
"1996"	"Gender"	"George Mason University"	0	79471
"1996"	"Female"	"University of Michigan at Ann Arbor"	9092	79471
"1996"	"Female"	"University of Rhode Island"	3414	79471
"1996"	"Male"	"Holy Cross College"	0	79471
"1996"	"Gender"	"Northeastern University"	0	79471
"1996"	"Male"	"Harvard University"	2155	79471
"1996"	"Male"	"Ball State University"	1786	79471
"1996"	"Female"	"Harvard University"	2155	79471
"1996"	"Male"	"Northeastern University"	2199	79471
"1996"	"Male"	"Brandeis University"	2133	79471
"1996"	"Gender"	"Ball State University"	0	79471
"1996"	"Gender"	"Brandeis University"	0	79471
"1996"	"Female"	"Northeastern University"	2199	79471
"1996"	"Female"	"Ball State University"	1786	79471
"1996"	"Gender"	"University of California-Berkeley"	0	79471
"1996"	"Gender"	"University of Maine"	0	79471
"1996"	"Gender"	"University of Michigan at Ann Arbor"	0	79471
"1996"	"Female"	"Tufts University"	2219	79471
"1996"	"Female"	"University of California-Berkeley"	1312	79471
"1996"	"Male"	"George Mason University"	3749	79471
"1997"	"Male"	"Stanford University"	1305	81524
"1997"	"Female"	"Stanford University"	1305	81524
"1997"	"Female"	"Richard Stockton College of New Jersey"	9345	81524
"1997"	"Male"	"Northeastern University"	2199	81524
"1997"	"Gender"	"Stanford University"	0	81524
"1997"	"Gender"	"Harvard University"	0	81524
"1997"	"Female"	"Northeastern University"	2199	81524
"1997"	"Male"	"University of Rhode Island"	3414	81524
"1997"	"Gender"	"Richard Stockton College of New Jersey"	0	81524
"1997"	"Female"	"University of Rhode Island"	3414	81524
"1997"	"Female"	"University of Maine"	2053	81524
"1997"	"Gender"	"Northeastern University"	0	81524
"1997"	"Female"	"Brandeis University"	2133	81524
"1997"	"Gender"	"University of Rhode Island"	0	81524
"1997"	"Male"	"Ball State University"	1786	81524
"1997"	"Male"	"Brandeis University"	2133	81524
"1997"	"Gender"	"University of Michigan at Ann Arbor"	0	81524
"1997"	"Female"	"Holy Cross College"	0	81524
"1997"	"Female"	"Harvard University"	2155	81524
"1997"	"Male"	"University of Michigan at Ann Arbor"	9092	81524
"1997"	"Male"	"University of Maine"	2053	81524
"1997"	"Gender"	"Holy Cross College"	0	81524
"1997"	"Gender"	"Brandeis University"	0	81524
"1997"	"Gender"	"George Mason University"	0	81524
"1997"	"Female"	"University of Michigan at Ann Arbor"	9092	81524
"1997"	"Male"	"Richard Stockton College of New Jersey"	9345	81524
"1997"	"Male"	"Harvard University"	2155	81524
"1997"	"Male"	"Holy Cross College"	0	81524
"1997"	"Male"	"George Mason University"	3749	81524
"1997"	"Gender"	"University of Maine"	0	81524
"1997"	"Female"	"Tufts University"	2219	81524
"1997"	"Male"	"University of California-Berkeley"	1312	81524
"1997"	"Female"	"Ball State University"	1786	81524
"1997"	"Male"	"Tufts University"	2219	81524
"1997"	"Gender"	"University of California-Berkeley"	0	81524
"1997"	"Female"	"University of California-Berkeley"	1312	81524
"1997"	"Gender"	"Ball State University"	0	81524
"1997"	"Gender"	"Tufts University"	0	81524
"1997"	"Female"	"George Mason University"	3749	81524
"1998"	"Male"	"University of Rhode Island"	3414	81524
"1998"	"Female"	"University of Michigan at Ann Arbor"	9092	81524
"1998"	"Gender"	"Holy Cross College"	0	81524
"1998"	"Male"	"Ball State University"	1786	81524
"1998"	"Male"	"Northeastern University"	2199	81524
"1998"	"Male"	"Richard Stockton College of New Jersey"	9345	81524
"1998"	"Male"	"University of California-Berkeley"	1312	81524
"1998"	"Male"	"University of Michigan at Ann Arbor"	9092	81524
"1998"	"Female"	"Northeastern University"	2199	81524
"1998"	"Female"	"Stanford University"	1305	81524
"1998"	"Female"	"University of Rhode Island"	3414	81524
"1998"	"Gender"	"Harvard University"	0	81524
"1998"	"Gender"	"Ball State University"	0	81524
"1998"	"Gender"	"Northeastern University"	0	81524
"1998"	"Gender"	"University of Rhode Island"	0	81524
"1998"	"Male"	"Holy Cross College"	0	81524
"1998"	"Male"	"Brandeis University"	2133	81524
"1998"	"Gender"	"University of Michigan at Ann Arbor"	0	81524
"1998"	"Female"	"Brandeis University"	2133	81524
"1998"	"Female"	"George Mason University"	3749	81524
"1998"	"Female"	"Harvard University"	2155	81524
"1998"	"Female"	"Ball State University"	1786	81524
"1998"	"Female"	"Richard Stockton College of New Jersey"	9345	81524
"1998"	"Gender"	"Brandeis University"	0	81524
"1998"	"Female"	"University of Maine"	2053	81524
"1998"	"Gender"	"George Mason University"	0	81524
"1998"	"Female"	"Tufts University"	2219	81524
"1998"	"Gender"	"University of California-Berkeley"	0	81524
"1998"	"Male"	"Harvard University"	2155	81524
"1998"	"Gender"	"Tufts University"	0	81524
"1998"	"Gender"	"University of Maine"	0	81524
"1998"	"Female"	"Holy Cross College"	0	81524
"1998"	"Gender"	"Richard Stockton College of New Jersey"	0	81524
"1998"	"Male"	"Stanford University"	1305	81524
"1998"	"Male"	"Tufts University"	2219	81524
"1998"	"Male"	"University of Maine"	2053	81524
"1998"	"Gender"	"Stanford University"	0	81524
"1998"	"Female"	"University of California-Berkeley"	1312	81524
"1998"	"Male"	"George Mason University"	3749	81524
"1999"	"Female"	"Holy Cross College"	0	81524
"1999"	"Gender"	"Holy Cross College"	0	81524
"1999"	"Gender"	"Brandeis University"	0	81524
"1999"	"Male"	"Holy Cross College"	0	81524
"1999"	"Gender"	"Ball State University"	0	81524
"1999"	"Male"	"Ball State University"	1786	81524
"1999"	"Male"	"Richard Stockton College of New Jersey"	9345	81524
"1999"	"Female"	"Brandeis University"	2133	81524
"1999"	"Female"	"George Mason University"	3749	81524
"1999"	"Female"	"Northeastern University"	2199	81524
"1999"	"Male"	"University of Rhode Island"	3414	81524
"1999"	"Female"	"Stanford University"	1305	81524
"1999"	"Gender"	"Harvard University"	0	81524
"1999"	"Gender"	"George Mason University"	0	81524
"1999"	"Female"	"University of Michigan at Ann Arbor"	9092	81524
"1999"	"Gender"	"Richard Stockton College of New Jersey"	0	81524
"1999"	"Male"	"Harvard University"	2155	81524
"1999"	"Male"	"Brandeis University"	2133	81524
"1999"	"Gender"	"University of Maine"	0	81524
"1999"	"Gender"	"University of Michigan at Ann Arbor"	0	81524
"1999"	"Male"	"University of California-Berkeley"	1312	81524
"1999"	"Male"	"Northeastern University"	2199	81524
"1999"	"Female"	"Harvard University"	2155	81524
"1999"	"Male"	"University of Maine"	2053	81524
"1999"	"Male"	"University of Michigan at Ann Arbor"	9092	81524
"1999"	"Female"	"University of Maine"	2053	81524
"1999"	"Female"	"University of California-Berkeley"	1312	81524
"1999"	"Female"	"Tufts University"	2219	81524
"1999"	"Gender"	"Northeastern University"	0	81524
"1999"	"Gender"	"University of California-Berkeley"	0	81524
"1999"	"Gender"	"Stanford University"	0	81524
"1999"	"Male"	"George Mason University"	3749	81524
"1999"	"Female"	"Ball State University"	1786	81524
"1999"	"Gender"	"University of Rhode Island"	0	81524
"1999"	"Male"	"Stanford University"	1305	81524
"1999"	"Gender"	"Tufts University"	0	81524
"1999"	"Female"	"University of Rhode Island"	3414	81524
"1999"	"Female"	"Richard Stockton College of New Jersey"	9345	81524
"1999"	"Male"	"Tufts University"	2219	81524
"2000"	"Male"	"University of California-Berkeley"	1312	81524
"2000"	"Female"	"Stanford University"	1305	81524
"2000"	"Gender"	"University of Maine"	0	81524
"2000"	"Gender"	"Ball State University"	0	81524
"2000"	"Gender"	"University of California-Berkeley"	0	81524
"2000"	"Female"	"University of California-Berkeley"	1312	81524
"2000"	"Female"	"George Mason University"	3749	81524
"2000"	"Male"	"Richard Stockton College of New Jersey"	9345	81524
"2000"	"Male"	"Harvard University"	2155	81524
"2000"	"Gender"	"University of Rhode Island"	0	81524
"2000"	"Gender"	"Tufts University"	0	81524
"2000"	"Male"	"Tufts University"	2219	81524
"2000"	"Male"	"University of Maine"	2053	81524
"2000"	"Female"	"University of Maine"	2053	81524
"2000"	"Female"	"Richard Stockton College of New Jersey"	9345	81524
"2000"	"Female"	"Tufts University"	2219	81524
"2000"	"Male"	"University of Michigan at Ann Arbor"	9092	81524
"2000"	"Gender"	"Richard Stockton College of New Jersey"	0	81524
"2000"	"Gender"	"Harvard University"	0	81524
"2000"	"Gender"	"Holy Cross College"	0	81524
"2000"	"Gender"	"Brandeis University"	0	81524
"2000"	"Male"	"Ball State University"	1786	81524
"2000"	"Male"	"Northeastern University"	2199	81524
"2000"	"Male"	"Stanford University"	1305	81524
"2000"	"Male"	"Brandeis University"	2133	81524
"2000"	"Gender"	"University of Michigan at Ann Arbor"	0	81524
"2000"	"Male"	"University of Rhode Island"	3414	81524
"2000"	"Female"	"Brandeis University"	2133	81524
"2000"	"Female"	"Harvard University"	2155	81524
"2000"	"Female"	"Ball State University"	1786	81524
"2000"	"Gender"	"George Mason University"	0	81524
"2000"	"Gender"	"Stanford University"	0	81524
"2000"	"Gender"	"Northeastern University"	0	81524
"2000"	"Female"	"University of Michigan at Ann Arbor"	9092	81524
"2000"	"Male"	"Holy Cross College"	0	81524
"2000"	"Female"	"Holy Cross College"	0	81524
"2000"	"Male"	"George Mason University"	3749	81524
"2000"	"Female"	"Northeastern University"	2199	81524
"2000"	"Female"	"University of Rhode Island"	3414	81524
"2001"	"Male"	"University of California-Berkeley"	1312	81524
"2001"	"Male"	"Tufts University"	2219	81524
"2001"	"Male"	"Harvard University"	2155	81524
"2001"	"Female"	"Tufts University"	2219	81524
"2001"	"Female"	"Harvard University"	2155	81524
"2001"	"Female"	"University of California-Berkeley"	1312	81524
"2001"	"Gender"	"Tufts University"	0	81524
"2001"	"Gender"	"Holy Cross College"	0	81524
"2001"	"Gender"	"University of California-Berkeley"	0	81524
"2001"	"Male"	"University of Michigan at Ann Arbor"	9092	81524
"2001"	"Female"	"Richard Stockton College of New Jersey"	9345	81524
"2001"	"Male"	"Stanford University"	1305	81524
"2001"	"Male"	"Brandeis University"	2133	81524
"2001"	"Gender"	"Brandeis University"	0	81524
"2001"	"Gender"	"Harvard University"	0	81524
"2001"	"Female"	"Holy Cross College"	0	81524
"2001"	"Female"	"Brandeis University"	2133	81524
"2001"	"Male"	"George Mason University"	3749	81524
"2001"	"Gender"	"University of Rhode Island"	0	81524
"2001"	"Gender"	"Stanford University"	0	81524
"2001"	"Gender"	"Northeastern University"	0	81524
"2001"	"Female"	"George Mason University"	3749	81524
"2001"	"Male"	"University of Maine"	2053	81524
"2001"	"Male"	"Richard Stockton College of New Jersey"	9345	81524
"2001"	"Male"	"Northeastern University"	2199	81524
"2001"	"Female"	"University of Rhode Island"	3414	81524
"2001"	"Gender"	"George Mason University"	0	81524
"2001"	"Male"	"University of Rhode Island"	3414	81524
"2001"	"Female"	"Northeastern University"	2199	81524
"2001"	"Male"	"Ball State University"	1786	81524
"2001"	"Gender"	"University of Michigan at Ann Arbor"	0	81524
"2001"	"Female"	"University of Maine"	2053	81524
"2001"	"Gender"	"Richard Stockton College of New Jersey"	0	81524
"2001"	"Gender"	"Ball State University"	0	81524
"2001"	"Female"	"University of Michigan at Ann Arbor"	9092	81524
"2001"	"Female"	"Ball State University"	1786	81524
"2001"	"Male"	"Holy Cross College"	0	81524
"2001"	"Gender"	"University of Maine"	0	81524
"2001"	"Female"	"Stanford University"	1305	81524
"2002"	"Gender"	"University of California-Berkeley"	0	81524
"2002"	"Gender"	"Brandeis University"	0	81524
"2002"	"Male"	"Stanford University"	1305	81524
"2002"	"Gender"	"Harvard University"	0	81524
"2002"	"Male"	"Northeastern University"	2199	81524
"2002"	"Male"	"University of Michigan at Ann Arbor"	9092	81524
"2002"	"Female"	"Stanford University"	1305	81524
"2002"	"Male"	"George Mason University"	3749	81524
"2002"	"Gender"	"Holy Cross College"	0	81524
"2002"	"Gender"	"George Mason University"	0	81524
"2002"	"Male"	"Brandeis University"	2133	81524
"2002"	"Male"	"University of Rhode Island"	3414	81524
"2002"	"Gender"	"University of Rhode Island"	0	81524
"2002"	"Gender"	"University of Maine"	0	81524
"2002"	"Male"	"University of Maine"	2053	81524
"2002"	"Male"	"University of California-Berkeley"	1312	81524
"2002"	"Female"	"Richard Stockton College of New Jersey"	9345	81524
"2002"	"Female"	"Harvard University"	2155	81524
"2002"	"Female"	"University of Michigan at Ann Arbor"	9092	81524
"2002"	"Female"	"Tufts University"	2219	81524
"2002"	"Gender"	"Stanford University"	0	81524
"2002"	"Gender"	"Northeastern University"	0	81524
"2002"	"Female"	"Brandeis University"	2133	81524
"2002"	"Gender"	"University of Michigan at Ann Arbor"	0	81524
"2002"	"Male"	"Harvard University"	2155	81524
"2002"	"Male"	"Ball State University"	1786	81524
"2002"	"Female"	"University of Rhode Island"	3414	81524
"2002"	"Female"	"Ball State University"	1786	81524
"2002"	"Male"	"Tufts University"	2219	81524
"2002"	"Female"	"Holy Cross College"	0	81524
"2002"	"Male"	"Holy Cross College"	0	81524
"2002"	"Female"	"George Mason University"	3749	81524
"2002"	"Female"	"University of Maine"	2053	81524
"2002"	"Gender"	"Richard Stockton College of New Jersey"	0	81524
"2002"	"Female"	"Northeastern University"	2199	81524
"2002"	"Gender"	"Ball State University"	0	81524
"2002"	"Male"	"Richard Stockton College of New Jersey"	9345	81524
"2002"	"Female"	"University of California-Berkeley"	1312	81524
"2002"	"Gender"	"Tufts University"	0	81524
"2003"	"Male"	"Brandeis University"	2133	81524
"2003"	"Female"	"Stanford University"	1305	81524
"2003"	"Male"	"George Mason University"	3749	81524
"2003"	"Gender"	"Richard Stockton College of New Jersey"	0	81524
"2003"	"Gender"	"Brandeis University"	0	81524
"2003"	"Gender"	"George Mason University"	0	81524
"2003"	"Female"	"Harvard University"	2155	81524
"2003"	"Male"	"Richard Stockton College of New Jersey"	9345	81524
"2003"	"Gender"	"Holy Cross College"	0	81524
"2003"	"Male"	"Harvard University"	2155	81524
"2003"	"Female"	"University of Rhode Island"	3414	81524
"2003"	"Gender"	"Harvard University"	0	81524
"2003"	"Male"	"Ball State University"	1786	81524
"2003"	"Gender"	"Northeastern University"	0	81524
"2003"	"Male"	"Northeastern University"	2199	81524
"2003"	"Gender"	"University of Rhode Island"	0	81524
"2003"	"Male"	"University of Rhode Island"	3414	81524
"2003"	"Male"	"Holy Cross College"	0	81524
"2003"	"Female"	"Richard Stockton College of New Jersey"	9345	81524
"2003"	"Male"	"University of Maine"	2053	81524
"2003"	"Gender"	"University of Michigan at Ann Arbor"	0	81524
"2003"	"Female"	"Holy Cross College"	0	81524
"2003"	"Gender"	"Ball State University"	0	81524
"2003"	"Female"	"University of Michigan at Ann Arbor"	9092	81524
"2003"	"Female"	"Ball State University"	1786	81524
"2003"	"Gender"	"University of California-Berkeley"	0	81524
"2003"	"Gender"	"Tufts University"	0	81524
"2003"	"Gender"	"University of Maine"	0	81524
"2003"	"Female"	"Tufts University"	2219	81524
"2003"	"Male"	"University of Michigan at Ann Arbor"	9092	81524
"2003"	"Female"	"Northeastern University"	2199	81524
"2003"	"Female"	"Brandeis University"	2133	81524
"2003"	"Female"	"George Mason University"	3749	81524
"2003"	"Male"	"Tufts University"	2219	81524
"2003"	"Gender"	"Stanford University"	0	81524
"2003"	"Female"	"University of Maine"	2053	81524
"2003"	"Female"	"University of California-Berkeley"	1312	81524
"2003"	"Male"	"Stanford University"	1305	81524
"2003"	"Male"	"University of California-Berkeley"	1312	81524
"2004"	"Male"	"University of Michigan at Ann Arbor"	9092	81524
"2004"	"Gender"	"University of Rhode Island"	0	81524
"2004"	"Gender"	"University of Michigan at Ann Arbor"	0	81524
"2004"	"Gender"	"Holy Cross College"	0	81524
"2004"	"Gender"	"University of California-Berkeley"	0	81524
"2004"	"Female"	"University of Michigan at Ann Arbor"	9092	81524
"2004"	"Female"	"Richard Stockton College of New Jersey"	9345	81524
"2004"	"Male"	"University of Maine"	2053	81524
"2004"	"Male"	"Northeastern University"	2199	81524
"2004"	"Gender"	"Richard Stockton College of New Jersey"	0	81524
"2004"	"Gender"	"University of Maine"	0	81524
"2004"	"Female"	"Stanford University"	1305	81524
"2004"	"Female"	"University of Rhode Island"	3414	81524
"2004"	"Gender"	"Ball State University"	0	81524
"2004"	"Female"	"University of Maine"	2053	81524
"2004"	"Gender"	"Harvard University"	0	81524
"2004"	"Gender"	"Northeastern University"	0	81524
"2004"	"Female"	"Holy Cross College"	0	81524
"2004"	"Gender"	"Stanford University"	0	81524
"2004"	"Male"	"Harvard University"	2155	81524
"2004"	"Male"	"Brandeis University"	2133	81524
"2004"	"Gender"	"George Mason University"	0	81524
"2004"	"Male"	"University of Rhode Island"	3414	81524
"2004"	"Female"	"University of California-Berkeley"	1312	81524
"2004"	"Female"	"Tufts University"	2219	81524
"2004"	"Male"	"Tufts University"	2219	81524
"2004"	"Female"	"Northeastern University"	2199	81524
"2004"	"Male"	"University of California-Berkeley"	1312	81524
"2004"	"Gender"	"Brandeis University"	0	81524
"2004"	"Female"	"Harvard University"	2155	81524
"2004"	"Male"	"Holy Cross College"	0	81524
"2004"	"Male"	"George Mason University"	3749	81524
"2004"	"Male"	"Richard Stockton College of New Jersey"	9345	81524
"2004"	"Gender"	"Tufts University"	0	81524
"2004"	"Female"	"George Mason University"	3749	81524
"2004"	"Female"	"Brandeis University"	2133	81524
"2004"	"Male"	"Stanford University"	1305	81524
"2004"	"Male"	"Ball State University"	1786	81524
"2004"	"Female"	"Ball State University"	1786	81524
"2005"	"Gender"	"Ball State University"	0	81524
"2005"	"Female"	"Richard Stockton College of New Jersey"	9345	81524
"2005"	"Female"	"Holy Cross College"	0	81524
"2005"	"Gender"	"Northeastern University"	0	81524
"2005"	"Gender"	"Harvard University"	0	81524
"2005"	"Female"	"University of Michigan at Ann Arbor"	9092	81524
"2005"	"Gender"	"Holy Cross College"	0	81524
"2005"	"Male"	"Harvard University"	2155	81524
"2005"	"Male"	"Brandeis University"	2133	81524
"2005"	"Male"	"Northeastern University"	2199	81524
"2005"	"Male"	"University of Maine"	2053	81524
"2005"	"Gender"	"University of Maine"	0	81524
"2005"	"Female"	"Stanford University"	1305	81524
"2005"	"Female"	"Northeastern University"	2199	81524
"2005"	"Male"	"University of Rhode Island"	3414	81524
"2005"	"Female"	"University of Rhode Island"	3414	81524
"2005"	"Gender"	"Richard Stockton College of New Jersey"	0	81524
"2005"	"Gender"	"Brandeis University"	0	81524
"2005"	"Gender"	"George Mason University"	0	81524
"2005"	"Male"	"George Mason University"	3749	81524
"2005"	"Male"	"University of California-Berkeley"	1312	81524
"2005"	"Male"	"Tufts University"	2219	81524
"2005"	"Male"	"Holy Cross College"	0	81524
"2005"	"Female"	"Brandeis University"	2133	81524
"2005"	"Female"	"University of Maine"	2053	81524
"2005"	"Female"	"Tufts University"	2219	81524
"2005"	"Female"	"Harvard University"	2155	81524
"2005"	"Male"	"Stanford University"	1305	81524
"2005"	"Female"	"George Mason University"	3749	81524
"2005"	"Gender"	"University of California-Berkeley"	0	81524
"2005"	"Gender"	"Tufts University"	0	81524
"2005"	"Female"	"Ball State University"	1786	81524
"2005"	"Gender"	"University of Rhode Island"	0	81524
"2005"	"Male"	"Ball State University"	1786	81524
"2005"	"Male"	"Richard Stockton College of New Jersey"	9345	81524
"2005"	"Male"	"University of Michigan at Ann Arbor"	9092	81524
"2005"	"Female"	"University of California-Berkeley"	1312	81524
"2005"	"Gender"	"Stanford University"	0	81524
"2005"	"Gender"	"University of Michigan at Ann Arbor"	0	81524
"2006"	"Gender"	"Holy Cross College"	0	77685
"2006"	"Female"	"University of Maine"	0	77685
"2006"	"Female"	"University of California-Berkeley"	1312	77685
"2006"	"Gender"	"Northeastern University"	0	77685
"2006"	"Male"	"Harvard University"	2155	77685
"2006"	"Gender"	"Richard Stockton College of New Jersey"	0	77685
"2006"	"Male"	"University of California-Berkeley"	1312	77685
"2006"	"Female"	"Richard Stockton College of New Jersey"	9345	77685
"2006"	"Male"	"Brandeis University"	2133	77685
"2006"	"Female"	"Holy Cross College"	0	77685
"2006"	"Gender"	"Harvard University"	0	77685
"2006"	"Male"	"George Mason University"	3749	77685
"2006"	"Gender"	"University of California-Berkeley"	0	77685
"2006"	"Gender"	"Brandeis University"	0	77685
"2006"	"Male"	"Northeastern University"	2199	77685
"2006"	"Male"	"University of Rhode Island"	3414	77685
"2006"	"Male"	"University of Michigan at Ann Arbor"	9092	77685
"2006"	"Male"	"Tufts University"	2219	77685
"2006"	"Female"	"Northeastern University"	2199	77685
"2006"	"Gender"	"George Mason University"	0	77685
"2006"	"Gender"	"University of Rhode Island"	0	77685
"2006"	"Gender"	"Ball State University"	0	77685
"2006"	"Gender"	"Tufts University"	0	77685
"2006"	"Male"	"Holy Cross College"	0	77685
"2006"	"Female"	"Brandeis University"	2133	77685
"2006"	"Gender"	"University of Michigan at Ann Arbor"	0	77685
"2006"	"Male"	"Richard Stockton College of New Jersey"	9345	77685
"2006"	"Female"	"Harvard University"	2155	77685
"2006"	"Female"	"University of Rhode Island"	3414	77685
"2006"	"Female"	"George Mason University"	3749	77685
"2006"	"Female"	"University of Michigan at Ann Arbor"	9092	77685
"2006"	"Gender"	"Stanford University"	0	77685
"2006"	"Male"	"Ball State University"	1786	77685
"2006"	"Gender"	"University of Maine"	0	77685
"2006"	"Male"	"Stanford University"	1305	77685
"2006"	"Female"	"Tufts University"	2219	77685
"2006"	"Female"	"Ball State University"	0	77685
"2006"	"Female"	"Stanford University"	1305	77685
"2006"	"Male"	"University of Maine"	2053	77685
"2007"	"Male"	"Richard Stockton College of New Jersey"	9345	79471
"2007"	"Female"	"Holy Cross College"	0	79471
"2007"	"Female"	"University of California-Berkeley"	1312	79471
"2007"	"Gender"	"Brandeis University"	0	79471
"2007"	"Male"	"Brandeis University"	2133	79471
"2007"	"Gender"	"Harvard University"	0	79471
"2007"	"Male"	"Northeastern University"	2199	79471
"2007"	"Female"	"Northeastern University"	2199	79471
"2007"	"Female"	"University of Maine"	0	79471
"2007"	"Male"	"University of California-Berkeley"	1312	79471
"2007"	"Female"	"Tufts University"	2219	79471
"2007"	"Gender"	"George Mason University"	0	79471
"2007"	"Gender"	"Tufts University"	0	79471
"2007"	"Gender"	"University of California-Berkeley"	0	79471
"2007"	"Gender"	"Stanford University"	0	79471
"2007"	"Male"	"Holy Cross College"	0	79471
"2007"	"Male"	"George Mason University"	3749	79471
"2007"	"Female"	"Richard Stockton College of New Jersey"	9345	79471
"2007"	"Gender"	"Ball State University"	0	79471
"2007"	"Female"	"Brandeis University"	2133	79471
"2007"	"Female"	"Harvard University"	2155	79471
"2007"	"Male"	"University of Rhode Island"	3414	79471
"2007"	"Gender"	"Richard Stockton College of New Jersey"	0	79471
"2007"	"Female"	"University of Rhode Island"	3414	79471
"2007"	"Gender"	"University of Rhode Island"	0	79471
"2007"	"Gender"	"University of Michigan at Ann Arbor"	0	79471
"2007"	"Male"	"Harvard University"	2155	79471
"2007"	"Male"	"Stanford University"	1305	79471
"2007"	"Female"	"George Mason University"	3749	79471
"2007"	"Female"	"Ball State University"	1786	79471
"2007"	"Male"	"University of Michigan at Ann Arbor"	9092	79471
"2007"	"Female"	"Stanford University"	1305	79471
"2007"	"Female"	"University of Michigan at Ann Arbor"	9092	79471
"2007"	"Gender"	"University of Maine"	0	79471
"2007"	"Male"	"University of Maine"	2053	79471
"2007"	"Gender"	"Holy Cross College"	0	79471
"2007"	"Male"	"Ball State University"	1786	79471
"2007"	"Male"	"Tufts University"	2219	79471
"2007"	"Gender"	"Northeastern University"	0	79471
"2008"	"Male"	"University of Rhode Island"	3414	79471
"2008"	"Gender"	"Richard Stockton College of New Jersey"	0	79471
"2008"	"Female"	"Stanford University"	1305	79471
"2008"	"Female"	"Tufts University"	2219	79471
"2008"	"Male"	"University of Michigan at Ann Arbor"	9092	79471
"2008"	"Female"	"University of Rhode Island"	3414	79471
"2008"	"Gender"	"University of Rhode Island"	0	79471
"2008"	"Gender"	"Holy Cross College"	0	79471
"2008"	"Female"	"University of California-Berkeley"	1312	79471
"2008"	"Male"	"Tufts University"	2219	79471
"2008"	"Female"	"Holy Cross College"	0	79471
"2008"	"Female"	"University of Michigan at Ann Arbor"	9092	79471
"2008"	"Gender"	"University of Michigan at Ann Arbor"	0	79471
"2008"	"Gender"	"Tufts University"	0	79471
"2008"	"Female"	"University of Maine"	0	79471
"2008"	"Gender"	"University of Maine"	0	79471
"2008"	"Male"	"University of Maine"	2053	79471
"2008"	"Male"	"University of California-Berkeley"	1312	79471
"2008"	"Male"	"Richard Stockton College of New Jersey"	9345	79471
"2008"	"Female"	"Ball State University"	1786	79471
"2008"	"Female"	"Harvard University"	2155	79471
"2008"	"Female"	"Northeastern University"	2199	79471
"2008"	"Female"	"Richard Stockton College of New Jersey"	9345	79471
"2008"	"Gender"	"Ball State University"	0	79471
"2008"	"Male"	"Ball State University"	1786	79471
"2008"	"Gender"	"University of California-Berkeley"	0	79471
"2008"	"Gender"	"Harvard University"	0	79471
"2008"	"Gender"	"Northeastern University"	0	79471
"2008"	"Male"	"Harvard University"	2155	79471
"2008"	"Male"	"Holy Cross College"	0	79471
"2008"	"Male"	"Stanford University"	1305	79471
"2008"	"Male"	"Brandeis University"	2133	79471
"2008"	"Male"	"George Mason University"	3749	79471
"2008"	"Female"	"Brandeis University"	2133	79471
"2008"	"Gender"	"Stanford University"	0	79471
"2008"	"Gender"	"Brandeis University"	0	79471
"2008"	"Female"	"George Mason University"	3749	79471
"2008"	"Male"	"Northeastern University"	2199	79471
"2008"	"Gender"	"George Mason University"	0	79471
"2009"	"Gender"	"Ball State University"	0	86654
"2009"	"Gender"	"Richard Stockton College of New Jersey"	0	86654
"2009"	"Female"	"Stanford University"	1305	86654
"2009"	"Male"	"University of Rhode Island"	3414	86654
"2009"	"Female"	"University of Rhode Island"	3414	86654
"2009"	"Gender"	"University of Rhode Island"	0	86654
"2009"	"Female"	"Tufts University"	2219	86654
"2009"	"Male"	"Ball State University"	1786	86654
"2009"	"Female"	"University of California-Berkeley"	1312	86654
"2009"	"Female"	"Holy Cross College"	0	86654
"2009"	"Gender"	"Tufts University"	0	86654
"2009"	"Gender"	"Northeastern University"	0	86654
"2009"	"Female"	"University of Maine"	2053	86654
"2009"	"Gender"	"Holy Cross College"	0	86654
"2009"	"Male"	"University of Michigan at Ann Arbor"	9092	86654
"2009"	"Male"	"Tufts University"	2219	86654
"2009"	"Male"	"Harvard University"	2155	86654
"2009"	"Male"	"University of Maine"	2053	86654
"2009"	"Female"	"University of Michigan at Ann Arbor"	9092	86654
"2009"	"Female"	"Richard Stockton College of New Jersey"	9345	86654
"2009"	"Gender"	"Harvard University"	0	86654
"2009"	"Female"	"Ball State University"	1786	86654
"2009"	"Gender"	"University of Michigan at Ann Arbor"	0	86654
"2009"	"Gender"	"University of California-Berkeley"	0	86654
"2009"	"Male"	"Richard Stockton College of New Jersey"	9345	86654
"2009"	"Male"	"George Mason University"	3749	86654
"2009"	"Gender"	"George Mason University"	0	86654
"2009"	"Male"	"University of California-Berkeley"	1312	86654
"2009"	"Female"	"Northeastern University"	2199	86654
"2009"	"Gender"	"Brandeis University"	0	86654
"2009"	"Male"	"Northeastern University"	2199	86654
"2009"	"Female"	"Brandeis University"	0	86654
"2009"	"Gender"	"Stanford University"	0	86654
"2009"	"Male"	"Brandeis University"	2133	86654
"2009"	"Gender"	"University of Maine"	0	86654
"2009"	"Male"	"Stanford University"	1305	86654
"2009"	"Female"	"Harvard University"	2155	86654
"2009"	"Male"	"Holy Cross College"	7263	86654
"2009"	"Female"	"George Mason University"	3749	86654
"2010"	"Female"	"Stanford University"	1305	81524
"2010"	"Gender"	"University of Rhode Island"	0	81524
"2010"	"Female"	"University of Rhode Island"	3414	81524
"2010"	"Male"	"University of California-Berkeley"	1312	81524
"2010"	"Female"	"University of Michigan at Ann Arbor"	9092	81524
"2010"	"Gender"	"University of Michigan at Ann Arbor"	0	81524
"2010"	"Gender"	"University of California-Berkeley"	0	81524
"2010"	"Female"	"Tufts University"	2219	81524
"2010"	"Gender"	"Richard Stockton College of New Jersey"	0	81524
"2010"	"Female"	"Richard Stockton College of New Jersey"	9345	81524
"2010"	"Female"	"Holy Cross College"	0	81524
"2010"	"Gender"	"Northeastern University"	0	81524
"2010"	"Male"	"Harvard University"	2155	81524
"2010"	"Female"	"University of California-Berkeley"	1312	81524
"2010"	"Gender"	"University of Maine"	0	81524
"2010"	"Male"	"Tufts University"	2219	81524
"2010"	"Female"	"Ball State University"	1786	81524
"2010"	"Male"	"George Mason University"	3749	81524
"2010"	"Male"	"University of Maine"	2053	81524
"2010"	"Female"	"Northeastern University"	2199	81524
"2010"	"Gender"	"Harvard University"	0	81524
"2010"	"Gender"	"Brandeis University"	0	81524
"2010"	"Male"	"University of Michigan at Ann Arbor"	9092	81524
"2010"	"Female"	"University of Maine"	2053	81524
"2010"	"Male"	"Richard Stockton College of New Jersey"	9345	81524
"2010"	"Male"	"Brandeis University"	2133	81524
"2010"	"Male"	"Ball State University"	1786	81524
"2010"	"Gender"	"Ball State University"	0	81524
"2010"	"Female"	"Harvard University"	2155	81524
"2010"	"Female"	"Brandeis University"	2133	81524
"2010"	"Gender"	"George Mason University"	0	81524
"2010"	"Male"	"Holy Cross College"	0	81524
"2010"	"Gender"	"Holy Cross College"	0	81524
"2010"	"Gender"	"Tufts University"	0	81524
"2010"	"Male"	"Northeastern University"	2199	81524
"2010"	"Male"	"University of Rhode Island"	3414	81524
"2010"	"Male"	"Stanford University"	1305	81524
"2010"	"Female"	"George Mason University"	3749	81524
"2010"	"Gender"	"Stanford University"	0	81524
"2011"	"Female"	"University of Rhode Island"	3414	77685
"2011"	"Gender"	"University of California-Berkeley"	0	77685
"2011"	"Female"	"Stanford University"	1305	77685
"2011"	"Gender"	"University of Maine"	0	77685
"2011"	"Male"	"Richard Stockton College of New Jersey"	9345	77685
"2011"	"Gender"	"Holy Cross College"	0	77685
"2011"	"Female"	"University of Maine"	0	77685
"2011"	"Female"	"University of Michigan at Ann Arbor"	9092	77685
"2011"	"Female"	"Holy Cross College"	0	77685
"2011"	"Male"	"Brandeis University"	2133	77685
"2011"	"Male"	"University of Maine"	2053	77685
"2011"	"Gender"	"Tufts University"	0	77685
"2011"	"Gender"	"Brandeis University"	0	77685
"2011"	"Female"	"Northeastern University"	2199	77685
"2011"	"Female"	"Tufts University"	2219	77685
"2011"	"Female"	"Harvard University"	2155	77685
"2011"	"Male"	"Stanford University"	1305	77685
"2011"	"Gender"	"George Mason University"	0	77685
"2011"	"Gender"	"Northeastern University"	0	77685
"2011"	"Gender"	"University of Michigan at Ann Arbor"	0	77685
"2011"	"Female"	"Brandeis University"	2133	77685
"2011"	"Male"	"Northeastern University"	2199	77685
"2011"	"Male"	"George Mason University"	3749	77685
"2011"	"Male"	"Tufts University"	2219	77685
"2011"	"Male"	"University of Michigan at Ann Arbor"	9092	77685
"2011"	"Female"	"George Mason University"	3749	77685
"2011"	"Female"	"Ball State University"	0	77685
"2011"	"Female"	"Richard Stockton College of New Jersey"	9345	77685
"2011"	"Female"	"University of California-Berkeley"	1312	77685
"2011"	"Gender"	"Stanford University"	0	77685
"2011"	"Gender"	"Ball State University"	0	77685
"2011"	"Gender"	"Harvard University"	0	77685
"2011"	"Gender"	"Richard Stockton College of New Jersey"	0	77685
"2011"	"Gender"	"University of Rhode Island"	0	77685
"2011"	"Male"	"Holy Cross College"	0	77685
"2011"	"Male"	"Ball State University"	1786	77685
"2011"	"Male"	"Harvard University"	2155	77685
"2011"	"Male"	"University of California-Berkeley"	1312	77685
"2011"	"Male"	"University of Rhode Island"	3414	77685
